Id,prediction,# label
6139,1,1.0
6140,1,1.0
6141,1,1.0
6142,1,1.0
6143,1,1.0
6144,1,1.0
6145,1,1.0
6146,1,1.0
6147,1,1.0
6148,1,1.0
6149,1,1.0
6150,1,1.0
6151,1,1.0
6152,1,1.0
6153,1,1.0
6154,1,1.0
6155,1,1.0
6156,1,1.0
6157,1,1.0
6158,1,1.0
6159,1,1.0
6160,1,1.0
6161,1,1.0
6162,1,1.0
6163,1,1.0
6164,1,1.0
6165,1,1.0
6166,1,1.0
6167,1,1.0
6168,1,1.0
6169,1,1.0
6170,1,1.0
6171,1,1.0
6172,1,1.0
6173,1,1.0
6174,1,1.0
6175,1,1.0
6176,1,1.0
6177,1,1.0
6178,1,1.0
6179,1,1.0
6180,1,1.0
6181,1,1.0
6182,1,1.0
6183,1,1.0
6184,1,1.0
6185,1,1.0
6186,1,1.0
6187,1,1.0
6188,1,1.0
6189,1,1.0
6190,1,1.0
6191,1,1.0
6192,1,1.0
6193,1,1.0
6194,1,1.0
6195,1,1.0
6196,1,1.0
6197,1,1.0
6198,1,1.0
6199,1,1.0
6200,1,1.0
6201,1,1.0
6202,1,1.0
6203,1,1.0
6204,1,1.0
6205,1,1.0
6206,1,1.0
6207,1,1.0
6208,1,1.0
6209,1,1.0
6210,1,1.0
6211,1,1.0
6212,1,1.0
6213,1,1.0
6214,1,1.0
6215,1,1.0
6216,1,1.0
6217,1,1.0
6218,1,1.0
6219,1,1.0
6220,1,1.0
6221,1,1.0
6222,1,1.0
6223,1,1.0
6224,1,1.0
6225,1,1.0
6226,1,1.0
6227,1,1.0
6228,1,1.0
6229,1,1.0
6230,1,1.0
6231,1,1.0
6232,1,1.0
6233,1,1.0
6234,1,1.0
6235,1,1.0
6236,1,1.0
6237,1,1.0
6238,1,1.0
6239,1,1.0
6240,1,1.0
6241,1,1.0
6242,1,1.0
6243,1,1.0
6244,1,1.0
6245,1,1.0
6246,1,1.0
6247,1,1.0
6248,1,1.0
6249,1,1.0
6250,1,1.0
6251,1,1.0
6252,1,1.0
6253,1,1.0
6254,1,1.0
6255,1,1.0
6256,1,1.0
6257,1,1.0
6258,1,1.0
6259,1,1.0
6260,1,1.0
6261,1,1.0
6262,1,1.0
6263,1,1.0
6264,1,1.0
6265,1,1.0
6266,1,1.0
6267,1,1.0
6268,1,1.0
6269,1,1.0
6270,1,1.0
6271,1,1.0
6272,1,1.0
6273,1,1.0
6274,1,1.0
6275,1,1.0
6276,1,1.0
6277,1,1.0
6278,1,1.0
6279,1,1.0
6280,1,1.0
6281,1,1.0
6282,1,1.0
6283,1,1.0
6284,1,1.0
6285,1,1.0
6286,1,1.0
6287,1,1.0
6288,1,1.0
6289,1,1.0
6290,1,1.0
6291,1,1.0
6292,1,1.0
6293,1,1.0
6294,1,1.0
6295,1,1.0
6296,1,1.0
6297,1,1.0
6298,1,1.0
6299,1,1.0
6300,1,1.0
6301,1,1.0
6302,1,1.0
6303,1,1.0
6304,1,1.0
6305,1,1.0
6306,1,1.0
6307,1,1.0
6308,1,1.0
6309,1,1.0
6310,1,1.0
6311,1,1.0
6312,1,1.0
6313,1,1.0
6314,1,1.0
6315,1,1.0
6316,1,1.0
6317,1,1.0
6318,1,1.0
6319,1,1.0
6320,1,1.0
6321,1,1.0
6322,1,1.0
6323,1,1.0
6324,1,1.0
6325,1,1.0
6326,1,1.0
6327,1,1.0
6328,1,1.0
6329,1,1.0
6330,1,1.0
6331,1,1.0
6332,1,1.0
6333,1,1.0
6334,1,1.0
6335,1,1.0
6336,1,1.0
6337,1,1.0
6338,1,1.0
6339,1,1.0
6340,1,1.0
6341,1,1.0
6342,1,1.0
6343,1,1.0
6344,1,1.0
6345,1,1.0
6346,1,1.0
6347,1,1.0
6348,1,1.0
6349,1,1.0
6350,1,1.0
6351,1,1.0
6352,1,1.0
6353,1,1.0
6354,1,1.0
6355,1,1.0
6356,1,1.0
6357,1,1.0
6358,1,1.0
6359,1,1.0
6360,1,1.0
6361,1,1.0
6362,1,1.0
6363,1,1.0
6364,1,1.0
6365,1,1.0
6366,1,1.0
6367,1,1.0
6368,1,1.0
6369,1,1.0
6370,1,1.0
6371,1,1.0
6372,1,1.0
6373,1,1.0
6374,1,1.0
6375,1,1.0
6376,1,1.0
6377,1,1.0
6378,1,1.0
6379,1,1.0
6380,1,1.0
6381,1,1.0
6382,1,1.0
6383,1,1.0
6384,1,1.0
6385,1,1.0
6386,1,1.0
6387,1,1.0
6388,1,1.0
6389,1,1.0
6390,1,1.0
6391,1,1.0
6392,1,1.0
6393,1,1.0
6394,1,1.0
6395,1,1.0
6396,1,1.0
6397,1,1.0
6398,1,1.0
6399,1,1.0
6400,1,1.0
6401,1,1.0
6402,1,1.0
6403,1,1.0
6404,1,1.0
6405,1,1.0
6406,1,1.0
6407,1,1.0
6408,1,1.0
6409,1,1.0
6410,1,1.0
6411,1,1.0
6412,1,1.0
6413,1,1.0
6414,1,1.0
6415,1,1.0
6416,1,1.0
6417,1,1.0
6418,1,1.0
6419,1,1.0
6420,1,1.0
6421,1,1.0
6422,1,1.0
6423,1,1.0
6424,1,1.0
6425,1,1.0
6426,1,1.0
6427,1,1.0
6428,1,1.0
6429,1,1.0
6430,1,1.0
6431,1,1.0
6432,1,1.0
6433,1,1.0
6434,1,1.0
6435,1,1.0
6436,1,1.0
6437,1,1.0
6438,1,1.0
6439,1,1.0
6440,1,1.0
6441,1,1.0
6442,1,1.0
6443,1,1.0
6444,1,1.0
6445,1,1.0
6446,1,1.0
6447,1,1.0
6448,1,1.0
6449,1,1.0
6450,1,1.0
6451,1,1.0
6452,1,1.0
6453,1,1.0
6454,1,1.0
6455,1,1.0
6456,1,1.0
6457,1,1.0
6458,1,1.0
6459,1,1.0
6460,1,1.0
6461,1,1.0
6462,1,1.0
6463,1,1.0
6464,1,1.0
6465,1,1.0
6466,1,1.0
6467,1,1.0
6468,1,1.0
6469,1,1.0
6470,1,1.0
6471,1,1.0
6472,1,1.0
6473,1,1.0
6474,1,1.0
6475,1,1.0
6476,1,1.0
6477,1,1.0
6478,1,1.0
6479,1,1.0
6480,1,1.0
6481,1,1.0
6482,1,1.0
6483,1,1.0
6484,1,1.0
6485,1,1.0
6486,1,1.0
6487,1,1.0
6488,1,1.0
6489,1,1.0
6490,1,1.0
6491,1,1.0
6492,1,1.0
6493,1,1.0
6494,1,1.0
6495,1,1.0
6496,1,1.0
6497,1,1.0
6498,1,1.0
6499,1,1.0
6500,1,1.0
6501,1,1.0
6502,1,1.0
6503,1,1.0
6504,1,1.0
6505,1,1.0
6506,1,1.0
6507,1,1.0
6508,1,1.0
6509,1,1.0
6510,1,1.0
6511,1,1.0
6512,1,1.0
6513,1,1.0
6514,1,1.0
6515,1,1.0
6516,1,1.0
6517,1,1.0
6518,1,1.0
6519,1,1.0
6520,1,1.0
6521,1,1.0
6522,1,1.0
6523,1,1.0
6524,1,1.0
6525,1,1.0
6526,1,1.0
6527,1,1.0
6528,1,1.0
6529,1,1.0
6530,1,1.0
6531,1,1.0
6532,1,1.0
6533,1,1.0
6534,1,1.0
6535,1,1.0
6536,1,1.0
6537,1,1.0
6538,1,1.0
6539,1,1.0
6540,1,1.0
6541,1,1.0
6542,1,1.0
6543,1,1.0
6544,1,1.0
6545,1,1.0
6546,1,1.0
6547,1,1.0
6548,1,1.0
6549,1,1.0
6550,1,1.0
6551,1,1.0
6552,1,1.0
6553,1,1.0
6554,1,1.0
6555,1,1.0
6556,1,1.0
6557,1,1.0
6558,1,1.0
6559,1,1.0
6560,1,1.0
6561,1,1.0
6562,1,1.0
6563,1,1.0
6564,1,1.0
6565,1,1.0
6566,1,1.0
6567,1,1.0
6568,1,1.0
6569,1,1.0
6570,1,1.0
6571,1,1.0
6572,1,1.0
6573,1,1.0
6574,1,1.0
6575,1,1.0
6576,1,1.0
6577,1,1.0
6578,1,1.0
6579,1,1.0
6580,1,1.0
6581,1,1.0
6582,1,1.0
6583,1,1.0
6584,1,1.0
6585,1,1.0
6586,1,1.0
6587,1,1.0
6588,1,1.0
6589,1,1.0
6590,1,1.0
6591,1,1.0
6592,1,1.0
6593,1,1.0
6594,1,1.0
6595,1,1.0
6596,1,1.0
6597,1,1.0
6598,1,1.0
6599,1,1.0
6600,1,1.0
6601,1,1.0
6602,1,1.0
6603,1,1.0
6604,1,1.0
6605,1,1.0
6606,1,1.0
6607,1,1.0
6608,1,1.0
6609,1,1.0
6610,1,1.0
6611,1,1.0
6612,1,1.0
6613,1,1.0
6614,1,1.0
6615,1,1.0
6616,1,1.0
6617,1,1.0
6618,1,1.0
6619,1,1.0
6620,1,1.0
6621,1,1.0
6622,1,1.0
6623,1,1.0
6624,1,1.0
6625,1,1.0
6626,1,1.0
6627,1,1.0
6628,1,1.0
6629,1,1.0
6630,1,1.0
6631,1,1.0
6632,1,1.0
6633,1,1.0
6634,1,1.0
6635,1,1.0
6636,1,1.0
6637,1,1.0
6638,1,1.0
6639,1,1.0
6640,1,1.0
6641,1,1.0
6642,1,1.0
6643,1,1.0
6644,1,1.0
6645,1,1.0
6646,1,1.0
6647,1,1.0
6648,1,1.0
6649,1,1.0
6650,1,1.0
6651,1,1.0
6652,1,1.0
6653,1,1.0
6654,1,1.0
6655,1,1.0
6656,1,1.0
6657,1,1.0
6658,1,1.0
6659,1,1.0
6660,1,1.0
6661,1,1.0
6662,1,1.0
6663,1,1.0
6664,1,1.0
6665,1,1.0
6666,1,1.0
6667,1,1.0
6668,1,1.0
6669,1,1.0
6670,1,1.0
6671,1,1.0
6672,1,1.0
6673,1,1.0
6674,1,1.0
6675,1,1.0
6676,1,1.0
6677,1,1.0
6678,1,1.0
6679,1,1.0
6680,1,1.0
6681,1,1.0
6682,1,1.0
6683,1,1.0
6684,1,1.0
6685,1,1.0
6686,1,1.0
6687,1,1.0
6688,1,1.0
6689,1,1.0
6690,1,1.0
6691,1,1.0
6692,1,1.0
6693,1,1.0
6694,1,1.0
6695,1,1.0
6696,1,1.0
6697,1,1.0
6698,1,1.0
6699,1,1.0
6700,1,1.0
6701,1,1.0
6702,1,1.0
6703,1,1.0
6704,1,1.0
6705,1,1.0
6706,1,1.0
6707,1,1.0
6708,1,1.0
6709,1,1.0
6710,1,1.0
6711,1,1.0
6712,1,1.0
6713,1,1.0
6714,1,1.0
6715,1,1.0
6716,1,1.0
6717,1,1.0
6718,1,1.0
6719,1,1.0
6720,1,1.0
6721,1,1.0
6722,1,1.0
6723,1,1.0
6724,1,1.0
6725,1,1.0
6726,1,1.0
6727,1,1.0
6728,1,1.0
6729,1,1.0
6730,1,1.0
6731,1,1.0
6732,1,1.0
6733,1,1.0
6734,1,1.0
6735,1,1.0
6736,1,1.0
6737,1,1.0
6738,1,1.0
6739,1,1.0
6740,1,1.0
6741,1,1.0
6742,1,1.0
6743,1,1.0
6744,1,1.0
6745,1,1.0
6746,1,1.0
6747,1,1.0
6748,1,1.0
6749,1,1.0
6750,1,1.0
6751,1,1.0
6752,1,1.0
6753,1,1.0
6754,1,1.0
6755,1,1.0
6756,1,1.0
6757,1,1.0
6758,1,1.0
6759,1,1.0
6760,1,1.0
6761,1,1.0
6762,1,1.0
6763,1,1.0
6764,1,1.0
6765,1,1.0
6766,1,1.0
6767,1,1.0
6768,1,1.0
6769,1,1.0
6770,1,1.0
6771,1,1.0
6772,1,1.0
6773,1,1.0
6774,1,1.0
6775,1,1.0
6776,1,1.0
6777,1,1.0
6778,1,1.0
6779,1,1.0
6780,1,1.0
6781,1,1.0
6782,1,1.0
6783,1,1.0
6784,1,1.0
6785,1,1.0
6786,1,1.0
6787,1,1.0
6788,1,1.0
6789,1,1.0
6790,1,1.0
6791,1,1.0
6792,1,1.0
6793,1,1.0
6794,1,1.0
6795,1,1.0
6796,1,1.0
6797,1,1.0
6798,1,1.0
6799,1,1.0
6800,1,1.0
6801,1,1.0
6802,1,1.0
6803,1,1.0
6804,1,1.0
6805,1,1.0
6806,1,1.0
6807,1,1.0
6808,1,1.0
6809,1,1.0
6810,1,1.0
6811,1,1.0
6812,1,1.0
6813,1,1.0
6814,1,1.0
6815,1,1.0
6816,1,1.0
6817,1,1.0
6818,1,1.0
6819,1,1.0
6820,1,1.0
6821,1,1.0
6822,1,1.0
6823,1,1.0
6824,1,1.0
6825,1,1.0
6826,1,1.0
6827,1,1.0
6828,1,1.0
6829,1,1.0
6830,1,1.0
6831,1,1.0
6832,1,1.0
6833,1,1.0
6834,1,1.0
6835,1,1.0
6836,1,1.0
6837,1,1.0
6838,1,1.0
6839,1,1.0
6840,1,1.0
6841,1,1.0
6842,1,1.0
6843,1,1.0
6844,1,1.0
6845,1,1.0
6846,1,1.0
6847,1,1.0
6848,1,1.0
6849,1,1.0
6850,1,1.0
6851,1,1.0
6852,1,1.0
6853,1,1.0
6854,1,1.0
6855,1,1.0
6856,1,1.0
6857,1,1.0
6858,1,1.0
6859,1,1.0
6860,1,1.0
6861,1,1.0
6862,1,1.0
6863,1,1.0
6864,1,1.0
6865,1,1.0
6866,1,1.0
6867,1,1.0
6868,1,1.0
6869,1,1.0
6870,1,1.0
6871,1,1.0
6872,1,1.0
6873,1,1.0
6874,1,1.0
6875,1,1.0
6876,1,1.0
6877,1,1.0
6878,1,1.0
6879,1,1.0
6880,1,1.0
6881,1,1.0
6882,1,1.0
6883,1,1.0
6884,1,1.0
6885,1,1.0
6886,1,1.0
6887,1,1.0
6888,1,1.0
6889,1,1.0
6890,1,1.0
6891,1,1.0
6892,1,1.0
6893,1,1.0
6894,1,1.0
6895,1,1.0
6896,1,1.0
6897,1,1.0
6898,1,1.0
6899,1,1.0
6900,1,1.0
6901,1,1.0
6902,1,1.0
6903,1,1.0
6904,1,1.0
6905,1,1.0
6906,1,1.0
6907,1,1.0
6908,1,1.0
6909,1,1.0
6910,1,1.0
6911,1,1.0
6912,1,1.0
6913,1,1.0
6914,1,1.0
6915,1,1.0
6916,1,1.0
6917,1,1.0
6918,1,1.0
6919,1,1.0
6920,1,1.0
6921,1,1.0
6922,1,1.0
6923,1,1.0
6924,1,1.0
6925,1,1.0
6926,1,1.0
6927,1,1.0
6928,1,1.0
6929,1,1.0
6930,1,1.0
6931,1,1.0
6932,1,1.0
6933,1,1.0
6934,1,1.0
6935,1,1.0
6936,1,1.0
6937,1,1.0
6938,1,1.0
6939,1,1.0
6940,1,1.0
6941,1,1.0
6942,1,1.0
6943,1,1.0
6944,1,1.0
6945,1,1.0
6946,1,1.0
6947,1,1.0
6948,1,1.0
6949,1,1.0
6950,1,1.0
6951,1,1.0
6952,1,1.0
6953,1,1.0
6954,1,1.0
6955,1,1.0
6956,1,1.0
6957,1,1.0
6958,1,1.0
6959,1,1.0
6960,1,1.0
6961,1,1.0
6962,1,1.0
6963,1,1.0
6964,1,1.0
6965,1,1.0
6966,1,1.0
6967,1,1.0
6968,1,1.0
6969,1,1.0
6970,1,1.0
6971,1,1.0
6972,1,1.0
6973,1,1.0
6974,1,1.0
6975,1,1.0
6976,1,1.0
6977,1,1.0
6978,1,1.0
6979,1,1.0
6980,1,1.0
6981,1,1.0
6982,1,1.0
6983,1,1.0
6984,1,1.0
6985,1,1.0
6986,1,1.0
6987,1,1.0
6988,1,1.0
6989,1,1.0
6990,1,1.0
6991,1,1.0
6992,1,1.0
6993,1,1.0
6994,1,1.0
6995,1,1.0
6996,1,1.0
6997,1,1.0
6998,1,1.0
6999,1,1.0
7000,1,1.0
7001,1,1.0
7002,1,1.0
7003,1,1.0
7004,1,1.0
7005,1,1.0
7006,1,1.0
7007,1,1.0
7008,1,1.0
7009,1,1.0
7010,1,1.0
7011,1,1.0
7012,1,1.0
7013,1,1.0
7014,1,1.0
7015,1,1.0
7016,1,1.0
7017,1,1.0
7018,1,1.0
7019,1,1.0
7020,1,1.0
7021,1,1.0
7022,1,1.0
7023,1,1.0
7024,1,1.0
7025,1,1.0
7026,1,1.0
7027,1,1.0
7028,1,1.0
7029,1,1.0
7030,1,1.0
7031,1,1.0
7032,1,1.0
7033,1,1.0
7034,1,1.0
7035,1,1.0
7036,1,1.0
7037,1,1.0
7038,1,1.0
7039,1,1.0
7040,1,1.0
7041,1,1.0
7042,1,1.0
7043,1,1.0
7044,1,1.0
7045,1,1.0
7046,1,1.0
7047,1,1.0
7048,1,1.0
7049,1,1.0
7050,1,1.0
7051,1,1.0
7052,1,1.0
7053,1,1.0
7054,1,1.0
7055,1,1.0
7056,1,1.0
7057,1,1.0
7058,1,1.0
7059,1,1.0
7060,1,1.0
7061,1,1.0
7062,1,1.0
7063,1,1.0
7064,1,1.0
7065,1,1.0
7066,1,1.0
7067,1,1.0
7068,1,1.0
7069,1,1.0
7070,1,1.0
7071,1,1.0
7072,1,1.0
7073,1,1.0
7074,1,1.0
7075,1,1.0
7076,1,1.0
7077,1,1.0
7078,1,1.0
7079,1,1.0
7080,1,1.0
7081,1,1.0
7082,1,1.0
7083,1,1.0
7084,1,1.0
7085,1,1.0
7086,1,1.0
7087,1,1.0
7088,1,1.0
7089,1,1.0
7090,1,1.0
7091,1,1.0
7092,1,1.0
7093,1,1.0
7094,1,1.0
7095,1,1.0
7096,1,1.0
7097,1,1.0
7098,1,1.0
7099,1,1.0
7100,1,1.0
7101,1,1.0
7102,1,1.0
7103,1,1.0
7104,1,1.0
7105,1,1.0
7106,1,1.0
7107,1,1.0
7108,1,1.0
7109,1,1.0
7110,1,1.0
7111,1,1.0
7112,1,1.0
7113,1,1.0
7114,1,1.0
7115,1,1.0
7116,1,1.0
7117,1,1.0
7118,1,1.0
7119,1,1.0
7120,1,1.0
7121,1,1.0
7122,1,1.0
7123,1,1.0
7124,1,1.0
7125,1,1.0
7126,1,1.0
7127,1,1.0
7128,1,1.0
7129,1,1.0
7130,1,1.0
7131,1,1.0
7132,1,1.0
7133,1,1.0
7134,1,1.0
7135,1,1.0
7136,1,1.0
7137,1,1.0
7138,1,1.0
7139,1,1.0
7140,1,1.0
7141,1,1.0
7142,1,1.0
7143,1,1.0
7144,1,1.0
7145,1,1.0
7146,1,1.0
7147,1,1.0
7148,1,1.0
7149,1,1.0
7150,1,1.0
7151,1,1.0
7152,1,1.0
7153,1,1.0
7154,1,1.0
7155,1,1.0
7156,1,1.0
7157,1,1.0
7158,1,1.0
7159,1,1.0
7160,1,1.0
7161,1,1.0
7162,1,1.0
7163,1,1.0
7164,1,1.0
7165,1,1.0
7166,1,1.0
7167,1,1.0
7168,1,1.0
7169,1,1.0
7170,1,1.0
7171,1,1.0
7172,1,1.0
7173,1,1.0
7174,1,1.0
7175,1,1.0
7176,1,1.0
7177,1,1.0
7178,1,1.0
7179,1,1.0
7180,1,1.0
7181,1,1.0
7182,1,1.0
7183,1,1.0
7184,1,1.0
7185,1,1.0
7186,1,1.0
7187,1,1.0
7188,1,1.0
7189,1,1.0
7190,1,1.0
7191,1,1.0
7192,1,1.0
7193,1,1.0
7194,1,1.0
7195,1,1.0
7196,1,1.0
7197,1,1.0
7198,1,1.0
7199,1,1.0
7200,1,1.0
7201,1,1.0
7202,1,1.0
7203,1,1.0
7204,1,1.0
7205,1,1.0
7206,1,1.0
7207,1,1.0
7208,1,1.0
7209,1,1.0
7210,1,1.0
7211,1,1.0
7212,1,1.0
7213,1,1.0
7214,1,1.0
7215,1,1.0
7216,1,1.0
7217,1,1.0
7218,1,1.0
7219,1,1.0
7220,1,1.0
7221,1,1.0
7222,1,1.0
7223,1,1.0
7224,1,1.0
7225,1,1.0
7226,1,1.0
7227,1,1.0
7228,1,1.0
7229,1,1.0
7230,1,1.0
7231,1,1.0
7232,1,1.0
7233,1,1.0
7234,1,1.0
7235,1,1.0
7236,1,1.0
7237,1,1.0
7238,1,1.0
7239,1,1.0
7240,1,1.0
7241,1,1.0
7242,1,1.0
7243,1,1.0
7244,1,1.0
7245,1,1.0
7246,1,1.0
7247,1,1.0
7248,1,1.0
7249,1,1.0
7250,1,1.0
7251,1,1.0
7252,1,1.0
7253,1,1.0
7254,1,1.0
7255,1,1.0
7256,1,1.0
7257,1,1.0
7258,1,1.0
7259,1,1.0
7260,1,1.0
7261,1,1.0
7262,1,1.0
7263,1,1.0
7264,1,1.0
7265,1,1.0
7266,1,1.0
7267,1,1.0
7268,1,1.0
7269,1,1.0
7270,1,1.0
7271,1,1.0
7272,1,1.0
7273,1,1.0
7274,1,1.0
7275,1,1.0
7276,1,1.0
7277,1,1.0
7278,1,1.0
7279,1,1.0
7280,1,1.0
7281,1,1.0
7282,1,1.0
7283,1,1.0
7284,1,1.0
7285,1,1.0
7286,1,1.0
7287,1,1.0
7288,1,1.0
7289,1,1.0
7290,1,1.0
7291,1,1.0
7292,1,1.0
7293,1,1.0
7294,1,1.0
7295,1,1.0
7296,1,1.0
7297,1,1.0
7298,1,1.0
7299,1,1.0
7300,1,1.0
7301,1,1.0
7302,1,1.0
7303,1,1.0
7304,1,1.0
7305,1,1.0
7306,1,1.0
7307,1,1.0
7308,1,1.0
7309,1,1.0
7310,1,1.0
7311,1,1.0
7312,1,1.0
7313,1,1.0
7314,1,1.0
7315,1,1.0
7316,1,1.0
7317,1,1.0
7318,1,1.0
7319,1,1.0
7320,1,1.0
7321,1,1.0
7322,1,1.0
7323,1,1.0
7324,1,1.0
7325,1,1.0
7326,1,1.0
7327,1,1.0
7328,1,1.0
7329,1,1.0
7330,1,1.0
7331,1,1.0
7332,1,1.0
7333,1,1.0
7334,1,1.0
7335,1,1.0
7336,1,1.0
7337,1,1.0
7338,1,1.0
7339,1,1.0
7340,1,1.0
7341,1,1.0
7342,1,1.0
7343,1,1.0
7344,1,1.0
7345,1,1.0
7346,1,1.0
7347,1,1.0
7348,1,1.0
7349,1,1.0
7350,1,1.0
7351,1,1.0
7352,1,1.0
7353,1,1.0
7354,1,1.0
7355,1,1.0
7356,1,1.0
7357,1,1.0
7358,1,1.0
7359,1,1.0
7360,1,1.0
7361,1,1.0
7362,1,1.0
7363,1,1.0
7364,1,1.0
7365,1,1.0
7366,1,1.0
7367,1,1.0
7368,1,1.0
7369,1,1.0
7370,1,1.0
7371,1,1.0
7372,1,1.0
7373,1,1.0
7374,1,1.0
7375,1,1.0
7376,1,1.0
7377,1,1.0
7378,1,1.0
7379,1,1.0
7380,1,1.0
7381,1,1.0
7382,1,1.0
7383,1,1.0
7384,1,1.0
7385,1,1.0
7386,1,1.0
7387,1,1.0
7388,1,1.0
7389,1,1.0
7390,1,1.0
7391,1,1.0
7392,1,1.0
7393,1,1.0
7394,1,1.0
7395,1,1.0
7396,1,1.0
7397,1,1.0
7398,1,1.0
7399,1,1.0
7400,1,1.0
7401,1,1.0
7402,1,1.0
7403,1,1.0
7404,1,1.0
7405,1,1.0
7406,1,1.0
7407,1,1.0
7408,1,1.0
7409,1,1.0
7410,1,1.0
7411,1,1.0
7412,1,1.0
7413,1,1.0
7414,1,1.0
7415,1,1.0
7416,1,1.0
7417,1,1.0
7418,1,1.0
7419,1,1.0
7420,1,1.0
7421,1,1.0
7422,1,1.0
7423,1,1.0
7424,1,1.0
7425,1,1.0
7426,1,1.0
7427,1,1.0
7428,1,1.0
7429,1,1.0
7430,1,1.0
7431,1,1.0
7432,1,1.0
7433,1,1.0
7434,1,1.0
7435,1,1.0
7436,1,1.0
7437,1,1.0
7438,1,1.0
7439,1,1.0
7440,1,1.0
7441,1,1.0
7442,1,1.0
7443,1,1.0
7444,1,1.0
7445,1,1.0
7446,1,1.0
7447,1,1.0
7448,1,1.0
7449,1,1.0
7450,1,1.0
7451,1,1.0
7452,1,1.0
7453,1,1.0
7454,1,1.0
7455,1,1.0
7456,1,1.0
7457,1,1.0
7458,1,1.0
7459,1,1.0
7460,1,1.0
7461,1,1.0
7462,1,1.0
7463,1,1.0
7464,1,1.0
7465,1,1.0
7466,1,1.0
7467,1,1.0
7468,1,1.0
7469,1,1.0
7470,1,1.0
7471,1,1.0
7472,1,1.0
7473,1,1.0
7474,1,1.0
7475,1,1.0
7476,1,1.0
7477,1,1.0
7478,1,1.0
7479,1,1.0
7480,1,1.0
7481,1,1.0
7482,1,1.0
7483,1,1.0
7484,1,1.0
7485,1,1.0
7486,1,1.0
7487,1,1.0
7488,1,1.0
7489,1,1.0
7490,1,1.0
7491,1,1.0
7492,1,1.0
7493,1,1.0
7494,1,1.0
7495,1,1.0
7496,1,1.0
7497,1,1.0
7498,1,1.0
7499,1,1.0
7500,1,1.0
7501,1,1.0
7502,1,1.0
7503,1,1.0
7504,1,1.0
7505,1,1.0
7506,1,1.0
7507,1,1.0
7508,1,1.0
7509,1,1.0
7510,1,1.0
7511,1,1.0
7512,1,1.0
7513,1,1.0
7514,1,1.0
7515,1,1.0
7516,1,1.0
7517,1,1.0
7518,1,1.0
7519,1,1.0
7520,1,1.0
7521,1,1.0
7522,1,1.0
7523,1,1.0
7524,1,1.0
7525,1,1.0
7526,1,1.0
7527,1,1.0
7528,1,1.0
7529,1,1.0
7530,1,1.0
7531,1,1.0
7532,1,1.0
7533,1,1.0
7534,1,1.0
7535,1,1.0
7536,1,1.0
7537,1,1.0
7538,1,1.0
7539,1,1.0
7540,1,1.0
7541,1,1.0
7542,1,1.0
7543,1,1.0
7544,1,1.0
7545,1,1.0
7546,1,1.0
7547,1,1.0
7548,1,1.0
7549,1,1.0
7550,1,1.0
7551,1,1.0
7552,1,1.0
7553,1,1.0
7554,1,1.0
7555,1,1.0
7556,1,1.0
7557,1,1.0
7558,1,1.0
7559,1,1.0
7560,1,1.0
7561,1,1.0
7562,1,1.0
7563,1,1.0
7564,1,1.0
7565,1,1.0
7566,1,1.0
7567,1,1.0
7568,1,1.0
7569,1,1.0
7570,1,1.0
7571,1,1.0
7572,1,1.0
7573,1,1.0
7574,1,1.0
7575,1,1.0
7576,1,1.0
7577,1,1.0
7578,1,1.0
7579,1,1.0
7580,1,1.0
7581,1,1.0
7582,1,1.0
7583,1,1.0
7584,1,1.0
7585,1,1.0
7586,1,1.0
7587,1,1.0
7588,1,1.0
7589,1,1.0
7590,1,1.0
7591,1,1.0
7592,1,1.0
7593,1,1.0
7594,1,1.0
7595,1,1.0
7596,1,1.0
7597,1,1.0
7598,1,1.0
7599,1,1.0
7600,1,1.0
7601,1,1.0
7602,1,1.0
7603,1,1.0
7604,1,1.0
7605,1,1.0
7606,1,1.0
7607,1,1.0
7608,1,1.0
7609,1,1.0
7610,1,1.0
7611,1,1.0
7612,1,1.0
7613,1,1.0
7614,1,1.0
7615,1,1.0
7616,1,1.0
7617,1,1.0
7618,1,1.0
7619,1,1.0
7620,1,1.0
7621,1,1.0
7622,1,1.0
7623,1,1.0
7624,1,1.0
7625,1,1.0
7626,1,1.0
7627,1,1.0
7628,1,1.0
7629,1,1.0
7630,1,1.0
7631,1,1.0
7632,1,1.0
7633,1,1.0
7634,1,1.0
7635,1,1.0
7636,1,1.0
7637,1,1.0
7638,1,1.0
7639,1,1.0
7640,1,1.0
7641,1,1.0
7642,1,1.0
7643,1,1.0
7644,1,1.0
7645,1,1.0
7646,1,1.0
7647,1,1.0
7648,1,1.0
7649,1,1.0
7650,1,1.0
7651,1,1.0
7652,1,1.0
7653,1,1.0
7654,1,1.0
7655,1,1.0
7656,1,1.0
7657,1,1.0
7658,1,1.0
7659,1,1.0
7660,1,1.0
7661,1,1.0
7662,1,1.0
7663,1,1.0
7664,1,1.0
7665,1,1.0
7666,1,1.0
7667,1,1.0
7668,1,1.0
7669,1,1.0
7670,1,1.0
7671,1,1.0
7672,1,1.0
7673,1,1.0
7674,1,1.0
7675,1,1.0
7676,1,1.0
7677,1,1.0
7678,1,1.0
7679,1,1.0
7680,1,1.0
7681,1,1.0
7682,1,1.0
7683,1,1.0
7684,1,1.0
7685,1,1.0
7686,1,1.0
7687,1,1.0
7688,1,1.0
7689,1,1.0
7690,1,1.0
7691,1,1.0
7692,1,1.0
7693,1,1.0
7694,1,1.0
7695,1,1.0
7696,1,1.0
7697,1,1.0
7698,1,1.0
7699,1,1.0
7700,1,1.0
7701,1,1.0
7702,1,1.0
7703,1,1.0
7704,1,1.0
7705,1,1.0
7706,1,1.0
7707,1,1.0
7708,1,1.0
7709,1,1.0
7710,1,1.0
7711,1,1.0
7712,1,1.0
7713,1,1.0
7714,1,1.0
7715,1,1.0
7716,1,1.0
7717,1,1.0
7718,1,1.0
7719,1,1.0
7720,1,1.0
7721,1,1.0
7722,1,1.0
7723,1,1.0
7724,1,1.0
7725,1,1.0
7726,1,1.0
7727,1,1.0
7728,1,1.0
7729,1,1.0
7730,1,1.0
7731,1,1.0
7732,1,1.0
7733,1,1.0
7734,1,1.0
7735,1,1.0
7736,1,1.0
7737,1,1.0
7738,1,1.0
7739,1,1.0
7740,1,1.0
7741,1,1.0
7742,1,1.0
7743,1,1.0
7744,1,1.0
7745,1,1.0
7746,1,1.0
7747,1,1.0
7748,1,1.0
7749,1,1.0
7750,1,1.0
7751,1,1.0
7752,1,1.0
7753,1,1.0
7754,1,1.0
7755,1,1.0
7756,1,1.0
7757,1,1.0
7758,1,1.0
7759,1,1.0
7760,1,1.0
7761,1,1.0
7762,1,1.0
7763,1,1.0
7764,1,1.0
7765,1,1.0
7766,1,1.0
7767,1,1.0
7768,1,1.0
7769,1,1.0
7770,1,1.0
7771,1,1.0
7772,1,1.0
7773,1,1.0
7774,1,1.0
7775,1,1.0
7776,1,1.0
7777,1,1.0
7778,1,1.0
7779,1,1.0
7780,1,1.0
7781,1,1.0
7782,1,1.0
7783,1,1.0
7784,1,1.0
7785,1,1.0
7786,1,1.0
7787,1,1.0
7788,1,1.0
7789,1,1.0
7790,1,1.0
7791,1,1.0
7792,1,1.0
7793,1,1.0
7794,1,1.0
7795,1,1.0
7796,1,1.0
7797,1,1.0
7798,1,1.0
7799,1,1.0
7800,1,1.0
7801,1,1.0
7802,1,1.0
7803,1,1.0
7804,1,1.0
7805,1,1.0
7806,1,1.0
7807,1,1.0
7808,1,1.0
7809,1,1.0
7810,1,1.0
7811,1,1.0
7812,1,1.0
7813,1,1.0
7814,1,1.0
7815,1,1.0
7816,1,1.0
7817,1,1.0
7818,1,1.0
7819,1,1.0
7820,1,1.0
7821,1,1.0
7822,1,1.0
7823,1,1.0
7824,1,1.0
7825,1,1.0
7826,1,1.0
7827,1,1.0
7828,1,1.0
7829,1,1.0
7830,1,1.0
7831,1,1.0
7832,1,1.0
7833,1,1.0
7834,1,1.0
7835,1,1.0
7836,1,1.0
7837,1,1.0
7838,1,1.0
7839,1,1.0
7840,1,1.0
7841,1,1.0
7842,1,1.0
7843,1,1.0
7844,1,1.0
7845,1,1.0
7846,1,1.0
7847,1,1.0
7848,1,1.0
7849,1,1.0
7850,1,1.0
7851,1,1.0
7852,1,1.0
7853,1,1.0
7854,1,1.0
7855,1,1.0
7856,1,1.0
7857,1,1.0
7858,1,1.0
7859,1,1.0
7860,1,1.0
7861,1,1.0
7862,1,1.0
7863,1,1.0
7864,1,1.0
7865,1,1.0
7866,1,1.0
7867,1,1.0
7868,1,1.0
7869,1,1.0
7870,1,1.0
7871,1,1.0
7872,1,1.0
7873,1,1.0
7874,1,1.0
7875,1,1.0
7876,1,1.0
7877,1,1.0
7878,1,1.0
7879,1,1.0
7880,1,1.0
7881,1,1.0
7882,1,1.0
7883,1,1.0
7884,1,1.0
7885,1,1.0
7886,1,1.0
7887,1,1.0
7888,1,1.0
7889,1,1.0
7890,1,1.0
7891,1,1.0
7892,1,1.0
7893,1,1.0
7894,1,1.0
7895,1,1.0
7896,1,1.0
7897,1,1.0
7898,1,1.0
7899,1,1.0
7900,1,1.0
7901,1,1.0
7902,1,1.0
7903,1,1.0
7904,1,1.0
7905,1,1.0
7906,1,1.0
7907,1,1.0
7908,1,1.0
7909,1,1.0
7910,1,1.0
7911,1,1.0
7912,1,1.0
7913,1,1.0
7914,1,1.0
7915,1,1.0
7916,1,1.0
7917,1,1.0
7918,1,1.0
7919,1,1.0
7920,1,1.0
7921,1,1.0
7922,1,1.0
7923,1,1.0
7924,1,1.0
7925,1,1.0
7926,1,1.0
7927,1,1.0
7928,1,1.0
7929,1,1.0
7930,1,1.0
7931,1,1.0
7932,1,1.0
7933,1,1.0
7934,1,1.0
7935,1,1.0
7936,1,1.0
7937,1,1.0
7938,1,1.0
7939,1,1.0
7940,1,1.0
7941,1,1.0
7942,1,1.0
7943,1,1.0
7944,1,1.0
7945,1,1.0
7946,1,1.0
7947,1,1.0
7948,1,1.0
7949,1,1.0
7950,1,1.0
7951,1,1.0
7952,1,1.0
7953,1,1.0
7954,1,1.0
7955,1,1.0
7956,1,1.0
7957,1,1.0
7958,1,1.0
7959,1,1.0
7960,1,1.0
7961,1,1.0
7962,1,1.0
7963,1,1.0
7964,1,1.0
7965,1,1.0
7966,1,1.0
7967,1,1.0
7968,1,1.0
7969,1,1.0
7970,1,1.0
7971,1,1.0
7972,1,1.0
7973,1,1.0
7974,1,1.0
7975,1,1.0
7976,1,1.0
7977,1,1.0
7978,1,1.0
7979,1,1.0
7980,1,1.0
7981,1,1.0
7982,1,1.0
7983,1,1.0
7984,1,1.0
7985,1,1.0
7986,1,1.0
7987,1,1.0
7988,1,1.0
7989,1,1.0
7990,1,1.0
7991,1,1.0
7992,1,1.0
7993,1,1.0
7994,1,1.0
7995,1,1.0
7996,1,1.0
7997,1,1.0
7998,1,1.0
7999,1,1.0
8000,1,1.0
8001,1,1.0
8002,1,1.0
8003,1,1.0
8004,1,1.0
8005,1,1.0
8006,1,1.0
8007,1,1.0
8008,1,1.0
8009,1,1.0
8010,1,1.0
8011,1,1.0
8012,1,1.0
8013,1,1.0
8014,1,1.0
8015,1,1.0
8016,1,1.0
8017,1,1.0
8018,1,1.0
8019,1,1.0
8020,1,1.0
8021,1,1.0
8022,1,1.0
8023,1,1.0
8024,1,1.0
8025,1,1.0
8026,1,1.0
8027,1,1.0
8028,1,1.0
8029,1,1.0
8030,1,1.0
8031,1,1.0
8032,1,1.0
8033,1,1.0
8034,1,1.0
8035,1,1.0
8036,1,1.0
8037,1,1.0
8038,1,1.0
8039,1,1.0
8040,1,1.0
8041,1,1.0
8042,1,1.0
8043,1,1.0
8044,1,1.0
8045,1,1.0
8046,1,1.0
8047,1,1.0
8048,1,1.0
8049,1,1.0
8050,1,1.0
8051,1,1.0
8052,1,1.0
8053,1,1.0
8054,1,1.0
8055,1,1.0
8056,1,1.0
8057,1,1.0
8058,1,1.0
8059,1,1.0
8060,1,1.0
8061,1,1.0
8062,1,1.0
8063,1,1.0
8064,1,1.0
8065,1,1.0
8066,1,1.0
8067,1,1.0
8068,1,1.0
8069,1,1.0
8070,1,1.0
8071,1,1.0
8072,1,1.0
8073,1,1.0
8074,1,1.0
8075,1,1.0
8076,1,1.0
8077,1,1.0
8078,1,1.0
8079,1,1.0
8080,1,1.0
8081,1,1.0
8082,1,1.0
8083,1,1.0
8084,1,1.0
8085,1,1.0
8086,1,1.0
8087,1,1.0
8088,1,1.0
8089,1,1.0
8090,1,1.0
8091,1,1.0
8092,1,1.0
8093,1,1.0
8094,1,1.0
8095,1,1.0
8096,1,1.0
8097,1,1.0
8098,1,1.0
8099,1,1.0
8100,1,1.0
8101,1,1.0
8102,1,1.0
8103,1,1.0
8104,1,1.0
8105,1,1.0
8106,1,1.0
8107,1,1.0
8108,1,1.0
8109,1,1.0
8110,1,1.0
8111,1,1.0
8112,1,1.0
8113,1,1.0
8114,1,1.0
8115,1,1.0
8116,1,1.0
8117,1,1.0
8118,1,1.0
8119,1,1.0
8120,1,1.0
8121,1,1.0
8122,1,1.0
8123,1,1.0
8124,1,1.0
8125,1,1.0
8126,1,1.0
8127,1,1.0
8128,1,1.0
8129,1,1.0
8130,1,1.0
8131,1,1.0
8132,1,1.0
8133,1,1.0
8134,1,1.0
8135,1,1.0
8136,1,1.0
8137,1,1.0
8138,1,1.0
8139,1,1.0
8140,1,1.0
8141,1,1.0
8142,1,1.0
8143,1,1.0
8144,1,1.0
8145,1,1.0
8146,1,1.0
8147,1,1.0
8148,1,1.0
8149,1,1.0
8150,1,1.0
8151,1,1.0
8152,1,1.0
8153,1,1.0
8154,1,1.0
8155,1,1.0
8156,1,1.0
8157,1,1.0
8158,1,1.0
8159,1,1.0
8160,1,1.0
8161,1,1.0
8162,1,1.0
8163,1,1.0
8164,1,1.0
8165,1,1.0
8166,1,1.0
8167,1,1.0
8168,1,1.0
8169,1,1.0
8170,1,1.0
8171,1,1.0
8172,1,1.0
8173,1,1.0
8174,1,1.0
8175,1,1.0
8176,1,1.0
8177,1,1.0
8178,1,1.0
8179,1,1.0
8180,1,1.0
8181,1,1.0
8182,1,1.0
8183,1,1.0
8184,1,1.0
8185,1,1.0
8186,1,1.0
8187,1,1.0
8188,1,1.0
8189,1,1.0
8190,1,1.0
8191,1,1.0
8192,1,1.0
8193,1,1.0
8194,1,1.0
8195,1,1.0
8196,1,1.0
8197,1,1.0
8198,1,1.0
8199,1,1.0
8200,1,1.0
8201,1,1.0
8202,1,1.0
8203,1,1.0
8204,1,1.0
8205,1,1.0
8206,1,1.0
8207,1,1.0
8208,1,1.0
8209,1,1.0
8210,1,1.0
8211,1,1.0
8212,1,1.0
8213,1,1.0
8214,1,1.0
8215,1,1.0
8216,1,1.0
8217,1,1.0
8218,1,1.0
8219,1,1.0
8220,1,1.0
8221,1,1.0
8222,1,1.0
8223,1,1.0
8224,1,1.0
8225,1,1.0
8226,1,1.0
8227,1,1.0
8228,1,1.0
8229,1,1.0
8230,1,1.0
8231,1,1.0
8232,1,1.0
8233,1,1.0
8234,1,1.0
8235,1,1.0
8236,1,1.0
8237,1,1.0
8238,1,1.0
8239,1,1.0
8240,1,1.0
8241,1,1.0
8242,1,1.0
8243,1,1.0
8244,1,1.0
8245,1,1.0
8246,1,1.0
8247,1,1.0
8248,1,1.0
8249,1,1.0
8250,1,1.0
8251,1,1.0
8252,1,1.0
8253,1,1.0
8254,1,1.0
8255,1,1.0
8256,1,1.0
8257,1,1.0
8258,1,1.0
8259,1,1.0
8260,1,1.0
8261,1,1.0
8262,1,1.0
8263,1,1.0
8264,1,1.0
8265,1,1.0
8266,1,1.0
8267,1,1.0
8268,1,1.0
8269,1,1.0
8270,1,1.0
8271,1,1.0
8272,1,1.0
8273,1,1.0
8274,1,1.0
8275,1,1.0
8276,1,1.0
8277,1,1.0
8278,1,1.0
8279,1,1.0
8280,1,1.0
8281,1,1.0
8282,1,1.0
8283,1,1.0
8284,1,1.0
8285,1,1.0
8286,1,1.0
8287,1,1.0
8288,1,1.0
8289,1,1.0
8290,1,1.0
8291,1,1.0
8292,1,1.0
8293,1,1.0
8294,1,1.0
8295,1,1.0
8296,1,1.0
8297,1,1.0
8298,1,1.0
8299,1,1.0
8300,1,1.0
8301,1,1.0
8302,1,1.0
8303,1,1.0
8304,1,1.0
8305,1,1.0
8306,1,1.0
8307,1,1.0
8308,1,1.0
8309,1,1.0
8310,1,1.0
8311,1,1.0
8312,1,1.0
8313,1,1.0
8314,1,1.0
8315,1,1.0
8316,1,1.0
8317,1,1.0
8318,1,1.0
8319,1,1.0
8320,1,1.0
8321,1,1.0
8322,1,1.0
8323,1,1.0
8324,1,1.0
8325,1,1.0
8326,1,1.0
8327,1,1.0
8328,1,1.0
8329,1,1.0
8330,1,1.0
8331,1,1.0
8332,1,1.0
8333,1,1.0
8334,1,1.0
8335,1,1.0
8336,1,1.0
8337,1,1.0
8338,1,1.0
8339,1,1.0
8340,1,1.0
8341,1,1.0
8342,1,1.0
8343,1,1.0
8344,1,1.0
8345,1,1.0
8346,1,1.0
8347,1,1.0
8348,1,1.0
8349,1,1.0
8350,1,1.0
8351,1,1.0
8352,1,1.0
8353,1,1.0
8354,1,1.0
8355,1,1.0
8356,1,1.0
8357,1,1.0
8358,1,1.0
8359,1,1.0
8360,1,1.0
8361,1,1.0
8362,1,1.0
8363,1,1.0
8364,1,1.0
8365,1,1.0
8366,1,1.0
8367,1,1.0
8368,1,1.0
8369,1,1.0
8370,1,1.0
8371,1,1.0
8372,1,1.0
8373,1,1.0
8374,1,1.0
8375,1,1.0
8376,1,1.0
8377,1,1.0
8378,1,1.0
8379,1,1.0
8380,1,1.0
8381,1,1.0
8382,1,1.0
8383,1,1.0
8384,1,1.0
8385,1,1.0
8386,1,1.0
8387,1,1.0
8388,1,1.0
8389,1,1.0
8390,1,1.0
8391,1,1.0
8392,1,1.0
8393,1,1.0
8394,1,1.0
8395,1,1.0
8396,1,1.0
8397,1,1.0
8398,1,1.0
8399,1,1.0
8400,1,1.0
8401,1,1.0
8402,1,1.0
8403,1,1.0
8404,1,1.0
8405,1,1.0
8406,1,1.0
8407,1,1.0
8408,1,1.0
8409,1,1.0
8410,1,1.0
8411,1,1.0
8412,1,1.0
8413,1,1.0
8414,1,1.0
8415,1,1.0
8416,1,1.0
8417,1,1.0
8418,1,1.0
8419,1,1.0
8420,1,1.0
8421,1,1.0
8422,1,1.0
8423,1,1.0
8424,1,1.0
8425,1,1.0
8426,1,1.0
8427,1,1.0
8428,1,1.0
8429,1,1.0
8430,1,1.0
8431,1,1.0
8432,1,1.0
8433,1,1.0
8434,1,1.0
8435,1,1.0
8436,1,1.0
8437,1,1.0
8438,1,1.0
8439,1,1.0
8440,1,1.0
8441,1,1.0
8442,1,1.0
8443,1,1.0
8444,1,1.0
8445,1,1.0
8446,1,1.0
8447,1,1.0
8448,1,1.0
8449,1,1.0
8450,1,1.0
8451,1,1.0
8452,1,1.0
8453,1,1.0
8454,1,1.0
8455,1,1.0
8456,1,1.0
8457,1,1.0
8458,1,1.0
8459,1,1.0
8460,1,1.0
8461,1,1.0
8462,1,1.0
8463,1,1.0
8464,1,1.0
8465,1,1.0
8466,1,1.0
8467,1,1.0
8468,1,1.0
8469,1,1.0
8470,1,1.0
8471,1,1.0
8472,1,1.0
8473,1,1.0
8474,1,1.0
8475,1,1.0
8476,1,1.0
8477,1,1.0
8478,1,1.0
8479,1,1.0
8480,1,1.0
8481,1,1.0
8482,1,1.0
8483,1,1.0
8484,1,1.0
8485,1,1.0
8486,1,1.0
8487,1,1.0
8488,1,1.0
8489,1,1.0
8490,1,1.0
8491,1,1.0
8492,1,1.0
8493,1,1.0
8494,1,1.0
8495,1,1.0
8496,1,1.0
8497,1,1.0
8498,1,1.0
8499,1,1.0
8500,1,1.0
8501,1,1.0
8502,1,1.0
8503,1,1.0
8504,1,1.0
8505,1,1.0
8506,1,1.0
8507,1,1.0
8508,1,1.0
8509,1,1.0
8510,1,1.0
8511,1,1.0
8512,1,1.0
8513,1,1.0
8514,1,1.0
8515,1,1.0
8516,1,1.0
8517,1,1.0
8518,1,1.0
8519,1,1.0
8520,1,1.0
8521,1,1.0
8522,1,1.0
8523,1,1.0
8524,1,1.0
8525,1,1.0
8526,1,1.0
8527,1,1.0
8528,1,1.0
8529,1,1.0
8530,1,1.0
8531,1,1.0
8532,1,1.0
8533,1,1.0
8534,1,1.0
8535,1,1.0
8536,1,1.0
8537,1,1.0
8538,1,1.0
8539,1,1.0
8540,1,1.0
8541,1,1.0
8542,1,1.0
8543,1,1.0
8544,1,1.0
8545,1,1.0
8546,1,1.0
8547,1,1.0
8548,1,1.0
8549,1,1.0
8550,1,1.0
8551,1,1.0
8552,1,1.0
8553,1,1.0
8554,1,1.0
8555,1,1.0
8556,1,1.0
8557,1,1.0
8558,1,1.0
8559,1,1.0
8560,1,1.0
8561,1,1.0
8562,1,1.0
8563,1,1.0
8564,1,1.0
8565,1,1.0
8566,1,1.0
8567,1,1.0
8568,1,1.0
8569,1,1.0
8570,1,1.0
8571,1,1.0
8572,1,1.0
8573,1,1.0
8574,1,1.0
8575,1,1.0
8576,1,1.0
8577,1,1.0
8578,1,1.0
8579,1,1.0
8580,1,1.0
8581,1,1.0
8582,1,1.0
8583,1,1.0
8584,1,1.0
8585,1,1.0
8586,1,1.0
8587,1,1.0
8588,1,1.0
8589,1,1.0
8590,1,1.0
8591,1,1.0
8592,1,1.0
8593,1,1.0
8594,1,1.0
8595,1,1.0
8596,1,1.0
8597,1,1.0
8598,1,1.0
8599,1,1.0
8600,1,1.0
8601,1,1.0
8602,1,1.0
8603,1,1.0
8604,1,1.0
8605,1,1.0
8606,1,1.0
8607,1,1.0
8608,1,1.0
8609,1,1.0
8610,1,1.0
8611,1,1.0
8612,1,1.0
8613,1,1.0
8614,1,1.0
8615,1,1.0
8616,1,1.0
8617,1,1.0
8618,1,1.0
8619,1,1.0
8620,1,1.0
8621,1,1.0
8622,1,1.0
8623,1,1.0
8624,1,1.0
8625,1,1.0
8626,1,1.0
8627,1,1.0
8628,1,1.0
8629,1,1.0
8630,1,1.0
8631,1,1.0
8632,1,1.0
8633,1,1.0
8634,1,1.0
8635,1,1.0
8636,1,1.0
8637,1,1.0
8638,1,1.0
8639,1,1.0
8640,1,1.0
8641,1,1.0
8642,1,1.0
8643,1,1.0
8644,1,1.0
8645,1,1.0
8646,1,1.0
8647,1,1.0
8648,1,1.0
8649,1,1.0
8650,1,1.0
8651,1,1.0
8652,1,1.0
8653,1,1.0
8654,1,1.0
8655,1,1.0
8656,1,1.0
8657,1,1.0
8658,1,1.0
8659,1,1.0
8660,1,1.0
8661,1,1.0
8662,1,1.0
8663,1,1.0
8664,1,1.0
8665,1,1.0
8666,1,1.0
8667,1,1.0
8668,1,1.0
8669,1,1.0
8670,1,1.0
8671,1,1.0
8672,1,1.0
8673,1,1.0
8674,1,1.0
8675,1,1.0
8676,1,1.0
8677,1,1.0
8678,1,1.0
8679,1,1.0
8680,1,1.0
8681,1,1.0
8682,1,1.0
8683,1,1.0
8684,1,1.0
8685,1,1.0
8686,1,1.0
8687,1,1.0
8688,1,1.0
8689,1,1.0
8690,1,1.0
8691,1,1.0
8692,1,1.0
8693,1,1.0
8694,1,1.0
8695,1,1.0
8696,1,1.0
8697,1,1.0
8698,1,1.0
8699,1,1.0
8700,1,1.0
8701,1,1.0
8702,1,1.0
8703,1,1.0
8704,1,1.0
8705,1,1.0
8706,1,1.0
8707,1,1.0
8708,1,1.0
8709,1,1.0
8710,1,1.0
8711,1,1.0
8712,1,1.0
8713,1,1.0
8714,1,1.0
8715,1,1.0
8716,1,1.0
8717,1,1.0
8718,1,1.0
8719,1,1.0
8720,1,1.0
8721,1,1.0
8722,1,1.0
8723,1,1.0
8724,1,1.0
8725,1,1.0
8726,1,1.0
8727,1,1.0
8728,1,1.0
8729,1,1.0
8730,1,1.0
8731,1,1.0
8732,1,1.0
8733,1,1.0
8734,1,1.0
8735,1,1.0
8736,1,1.0
8737,1,1.0
8738,1,1.0
8739,1,1.0
8740,1,1.0
8741,1,1.0
8742,1,1.0
8743,1,1.0
8744,1,1.0
8745,1,1.0
8746,1,1.0
8747,1,1.0
8748,1,1.0
8749,1,1.0
8750,1,1.0
8751,1,1.0
8752,1,1.0
8753,1,1.0
8754,1,1.0
8755,1,1.0
8756,1,1.0
8757,1,1.0
8758,1,1.0
8759,1,1.0
8760,1,1.0
8761,1,1.0
8762,1,1.0
8763,1,1.0
8764,1,1.0
8765,1,1.0
8766,1,1.0
8767,1,1.0
8768,1,1.0
8769,1,1.0
8770,1,1.0
8771,1,1.0
8772,1,1.0
8773,1,1.0
8774,1,1.0
8775,1,1.0
8776,1,1.0
8777,1,1.0
8778,1,1.0
8779,1,1.0
8780,1,1.0
8781,1,1.0
8782,1,1.0
8783,1,1.0
8784,1,1.0
8785,1,1.0
8786,1,1.0
8787,1,1.0
8788,1,1.0
8789,1,1.0
8790,1,1.0
8791,1,1.0
8792,1,1.0
8793,1,1.0
8794,1,1.0
8795,1,1.0
8796,1,1.0
8797,1,1.0
8798,1,1.0
8799,1,1.0
8800,1,1.0
8801,1,1.0
8802,1,1.0
8803,1,1.0
8804,1,1.0
8805,1,1.0
8806,1,1.0
8807,1,1.0
8808,1,1.0
8809,1,1.0
8810,1,1.0
8811,1,1.0
8812,1,1.0
8813,1,1.0
8814,1,1.0
8815,1,1.0
8816,1,1.0
8817,1,1.0
8818,1,1.0
8819,1,1.0
8820,1,1.0
8821,1,1.0
8822,1,1.0
8823,1,1.0
8824,1,1.0
8825,1,1.0
8826,1,1.0
8827,1,1.0
8828,1,1.0
8829,1,1.0
8830,1,1.0
8831,1,1.0
8832,1,1.0
8833,1,1.0
8834,1,1.0
8835,1,1.0
8836,1,1.0
8837,1,1.0
8838,1,1.0
8839,1,1.0
8840,1,1.0
8841,1,1.0
8842,1,1.0
8843,1,1.0
8844,1,1.0
8845,1,1.0
8846,1,1.0
8847,1,1.0
8848,1,1.0
8849,1,1.0
8850,1,1.0
8851,1,1.0
8852,1,1.0
8853,1,1.0
8854,1,1.0
8855,1,1.0
8856,1,1.0
8857,1,1.0
8858,1,1.0
8859,1,1.0
8860,1,1.0
8861,1,1.0
8862,1,1.0
8863,1,1.0
8864,1,1.0
8865,1,1.0
8866,1,1.0
8867,1,1.0
8868,1,1.0
8869,1,1.0
8870,1,1.0
8871,1,1.0
8872,1,1.0
8873,1,1.0
8874,1,1.0
8875,1,1.0
8876,1,1.0
8877,1,1.0
8878,1,1.0
8879,1,1.0
8880,1,1.0
8881,1,1.0
8882,1,1.0
8883,1,1.0
8884,1,1.0
8885,1,1.0
8886,1,1.0
8887,1,1.0
8888,1,1.0
8889,1,1.0
8890,1,1.0
8891,1,1.0
8892,1,1.0
8893,1,1.0
8894,1,1.0
8895,1,1.0
8896,1,1.0
8897,1,1.0
8898,1,1.0
8899,1,1.0
8900,1,1.0
8901,1,1.0
8902,1,1.0
8903,1,1.0
8904,1,1.0
8905,1,1.0
8906,1,1.0
8907,1,1.0
8908,1,1.0
8909,1,1.0
8910,1,1.0
8911,1,1.0
8912,1,1.0
8913,1,1.0
8914,1,1.0
8915,1,1.0
8916,1,1.0
8917,1,1.0
8918,1,1.0
8919,1,1.0
8920,1,1.0
8921,1,1.0
8922,1,1.0
8923,1,1.0
8924,1,1.0
8925,1,1.0
8926,1,1.0
8927,1,1.0
8928,1,1.0
8929,1,1.0
8930,1,1.0
8931,1,1.0
8932,1,1.0
8933,1,1.0
8934,1,1.0
8935,1,1.0
8936,1,1.0
8937,1,1.0
8938,1,1.0
8939,1,1.0
8940,1,1.0
8941,1,1.0
8942,1,1.0
8943,1,1.0
8944,1,1.0
8945,1,1.0
8946,1,1.0
8947,1,1.0
8948,1,1.0
8949,1,1.0
8950,1,1.0
8951,1,1.0
8952,1,1.0
8953,1,1.0
8954,1,1.0
8955,1,1.0
8956,1,1.0
8957,1,1.0
8958,1,1.0
8959,1,1.0
8960,1,1.0
8961,1,1.0
8962,1,1.0
8963,1,1.0
8964,1,1.0
8965,1,1.0
8966,1,1.0
8967,1,1.0
8968,1,1.0
8969,1,1.0
8970,1,1.0
8971,1,1.0
8972,1,1.0
8973,1,1.0
8974,1,1.0
8975,1,1.0
8976,1,1.0
8977,1,1.0
8978,1,1.0
8979,1,1.0
8980,1,1.0
8981,1,1.0
8982,1,1.0
8983,1,1.0
8984,1,1.0
8985,1,1.0
8986,1,1.0
8987,1,1.0
8988,1,1.0
8989,1,1.0
8990,1,1.0
8991,1,1.0
8992,1,1.0
8993,1,1.0
8994,1,1.0
8995,1,1.0
8996,1,1.0
8997,1,1.0
8998,1,1.0
8999,1,1.0
9000,1,1.0
9001,1,1.0
9002,1,1.0
9003,1,1.0
9004,1,1.0
9005,1,1.0
9006,1,1.0
9007,1,1.0
9008,1,1.0
9009,1,1.0
9010,1,1.0
9011,1,1.0
9012,1,1.0
9013,1,1.0
9014,1,1.0
9015,1,1.0
9016,1,1.0
9017,1,1.0
9018,1,1.0
9019,1,1.0
9020,1,1.0
9021,1,1.0
9022,1,1.0
9023,1,1.0
9024,1,1.0
9025,1,1.0
9026,1,1.0
9027,1,1.0
9028,1,1.0
9029,1,1.0
9030,1,1.0
9031,1,1.0
9032,1,1.0
9033,1,1.0
9034,1,1.0
9035,1,1.0
9036,1,1.0
9037,1,1.0
9038,1,1.0
9039,1,1.0
9040,1,1.0
9041,1,1.0
9042,1,1.0
9043,1,1.0
9044,1,1.0
9045,1,1.0
9046,1,1.0
9047,1,1.0
9048,1,1.0
9049,1,1.0
9050,1,1.0
9051,1,1.0
9052,1,1.0
9053,1,1.0
9054,1,1.0
9055,1,1.0
9056,1,1.0
9057,1,1.0
9058,1,1.0
9059,1,1.0
9060,1,1.0
9061,1,1.0
9062,1,1.0
9063,1,1.0
9064,1,1.0
9065,1,1.0
9066,1,1.0
9067,1,1.0
9068,1,1.0
9069,1,1.0
9070,1,1.0
9071,1,1.0
9072,1,1.0
9073,1,1.0
9074,1,1.0
9075,1,1.0
9076,1,1.0
9077,1,1.0
9078,1,1.0
9079,1,1.0
9080,1,1.0
9081,1,1.0
9082,1,1.0
9083,1,1.0
9084,1,1.0
9085,1,1.0
9086,1,1.0
9087,1,1.0
9088,1,1.0
9089,1,1.0
9090,1,1.0
9091,1,1.0
9092,1,1.0
9093,1,1.0
9094,1,1.0
9095,1,1.0
9096,1,1.0
9097,1,1.0
9098,1,1.0
9099,1,1.0
9100,1,1.0
9101,1,1.0
9102,1,1.0
9103,1,1.0
9104,1,1.0
9105,1,1.0
9106,1,1.0
9107,1,1.0
9108,1,1.0
9109,1,1.0
9110,1,1.0
9111,1,1.0
9112,1,1.0
9113,1,1.0
9114,1,1.0
9115,1,1.0
9116,1,1.0
9117,1,1.0
9118,1,1.0
9119,1,1.0
9120,1,1.0
9121,1,1.0
9122,1,1.0
9123,1,1.0
9124,1,1.0
9125,1,1.0
9126,1,1.0
9127,1,1.0
9128,1,1.0
9129,1,1.0
9130,1,1.0
9131,1,1.0
9132,1,1.0
9133,1,1.0
9134,1,1.0
9135,1,1.0
9136,1,1.0
9137,1,1.0
9138,1,1.0
9139,1,1.0
9140,1,1.0
9141,1,1.0
9142,1,1.0
9143,1,1.0
9144,1,1.0
9145,1,1.0
9146,1,1.0
9147,1,1.0
9148,1,1.0
9149,1,1.0
9150,1,1.0
9151,1,1.0
9152,1,1.0
9153,1,1.0
9154,1,1.0
9155,1,1.0
9156,1,1.0
9157,1,1.0
9158,1,1.0
9159,1,1.0
9160,1,1.0
9161,1,1.0
9162,1,1.0
9163,1,1.0
9164,1,1.0
9165,1,1.0
9166,1,1.0
9167,1,1.0
9168,1,1.0
9169,1,1.0
9170,1,1.0
9171,1,1.0
9172,1,1.0
9173,1,1.0
9174,1,1.0
9175,1,1.0
9176,1,1.0
9177,1,1.0
9178,1,1.0
9179,1,1.0
9180,1,1.0
9181,1,1.0
9182,1,1.0
9183,1,1.0
9184,1,1.0
9185,1,1.0
9186,1,1.0
9187,1,1.0
9188,1,1.0
9189,1,1.0
9190,1,1.0
9191,1,1.0
9192,1,1.0
9193,1,1.0
9194,1,1.0
9195,1,1.0
9196,1,1.0
9197,1,1.0
9198,1,1.0
9199,1,1.0
9200,1,1.0
9201,1,1.0
9202,1,1.0
9203,1,1.0
9204,1,1.0
9205,1,1.0
9206,1,1.0
9207,1,1.0
9208,1,1.0
9209,1,1.0
9210,1,1.0
9211,1,1.0
9212,1,1.0
9213,1,1.0
9214,1,1.0
9215,1,1.0
9216,1,1.0
9217,1,1.0
9218,1,1.0
9219,1,1.0
9220,1,1.0
9221,1,1.0
9222,1,1.0
9223,1,1.0
9224,1,1.0
9225,1,1.0
9226,1,1.0
9227,1,1.0
9228,1,1.0
9229,1,1.0
9230,1,1.0
9231,1,1.0
9232,1,1.0
9233,1,1.0
9234,1,1.0
9235,1,1.0
9236,1,1.0
9237,1,1.0
9238,1,1.0
9239,1,1.0
9240,1,1.0
9241,1,1.0
9242,1,1.0
9243,1,1.0
9244,1,1.0
9245,1,1.0
9246,1,1.0
9247,1,1.0
9248,1,1.0
9249,1,1.0
9250,1,1.0
9251,1,1.0
9252,1,1.0
9253,1,1.0
9254,1,1.0
9255,1,1.0
9256,1,1.0
9257,1,1.0
9258,1,1.0
9259,1,1.0
9260,1,1.0
9261,1,1.0
9262,1,1.0
9263,1,1.0
9264,1,1.0
9265,1,1.0
9266,1,1.0
9267,1,1.0
9268,1,1.0
9269,1,1.0
9270,1,1.0
9271,1,1.0
9272,1,1.0
9273,1,1.0
9274,1,1.0
9275,1,1.0
9276,1,1.0
9277,1,1.0
9278,1,1.0
9279,1,1.0
9280,1,1.0
9281,1,1.0
9282,1,1.0
9283,1,1.0
9284,1,1.0
9285,1,1.0
9286,1,1.0
9287,1,1.0
9288,1,1.0
9289,1,1.0
9290,1,1.0
9291,1,1.0
9292,1,1.0
9293,1,1.0
9294,1,1.0
9295,1,1.0
9296,1,1.0
9297,1,1.0
9298,1,1.0
9299,1,1.0
9300,1,1.0
9301,1,1.0
9302,1,1.0
9303,1,1.0
9304,1,1.0
9305,1,1.0
9306,1,1.0
9307,1,1.0
9308,1,1.0
9309,1,1.0
9310,1,1.0
9311,1,1.0
9312,1,1.0
9313,1,1.0
9314,1,1.0
9315,1,1.0
9316,1,1.0
9317,1,1.0
9318,1,1.0
9319,1,1.0
9320,1,1.0
9321,1,1.0
9322,1,1.0
9323,1,1.0
9324,1,1.0
9325,1,1.0
9326,1,1.0
9327,1,1.0
9328,1,1.0
9329,1,1.0
9330,1,1.0
9331,1,1.0
9332,1,1.0
9333,1,1.0
9334,1,1.0
9335,1,1.0
9336,1,1.0
9337,1,1.0
9338,1,1.0
9339,1,1.0
9340,1,1.0
9341,1,1.0
9342,1,1.0
9343,1,1.0
9344,1,1.0
9345,1,1.0
9346,1,1.0
9347,1,1.0
9348,1,1.0
9349,1,1.0
9350,1,1.0
9351,1,1.0
9352,1,1.0
9353,1,1.0
9354,1,1.0
9355,1,1.0
9356,1,1.0
9357,1,1.0
9358,1,1.0
9359,1,1.0
9360,1,1.0
9361,1,1.0
9362,1,1.0
9363,1,1.0
9364,1,1.0
9365,1,1.0
9366,1,1.0
9367,1,1.0
9368,1,1.0
9369,1,1.0
9370,1,1.0
9371,1,1.0
9372,1,1.0
9373,1,1.0
9374,1,1.0
9375,1,1.0
9376,1,1.0
9377,1,1.0
9378,1,1.0
9379,1,1.0
9380,1,1.0
9381,1,1.0
9382,1,1.0
9383,1,1.0
9384,1,1.0
9385,1,1.0
9386,1,1.0
9387,1,1.0
9388,1,1.0
9389,1,1.0
9390,1,1.0
9391,1,1.0
9392,1,1.0
9393,1,1.0
9394,1,1.0
9395,1,1.0
9396,1,1.0
9397,1,1.0
9398,1,1.0
9399,1,1.0
9400,1,1.0
9401,1,1.0
9402,1,1.0
9403,1,1.0
9404,1,1.0
9405,1,1.0
9406,1,1.0
9407,1,1.0
9408,1,1.0
9409,1,1.0
9410,1,1.0
9411,1,1.0
9412,1,1.0
9413,1,1.0
9414,1,1.0
9415,1,1.0
9416,1,1.0
9417,1,1.0
9418,1,1.0
9419,1,1.0
9420,1,1.0
9421,1,1.0
9422,1,1.0
9423,1,1.0
9424,1,1.0
9425,1,1.0
9426,1,1.0
9427,1,1.0
9428,1,1.0
9429,1,1.0
9430,1,1.0
9431,1,1.0
9432,1,1.0
9433,1,1.0
9434,1,1.0
9435,1,1.0
9436,1,1.0
9437,1,1.0
9438,1,1.0
9439,1,1.0
9440,1,1.0
9441,1,1.0
9442,1,1.0
9443,1,1.0
9444,1,1.0
9445,1,1.0
9446,1,1.0
9447,1,1.0
9448,1,1.0
9449,1,1.0
9450,1,1.0
9451,1,1.0
9452,1,1.0
9453,1,1.0
9454,1,1.0
9455,1,1.0
9456,1,1.0
9457,1,1.0
9458,1,1.0
9459,1,1.0
9460,1,1.0
9461,1,1.0
9462,1,1.0
9463,1,1.0
9464,1,1.0
9465,1,1.0
9466,1,1.0
9467,1,1.0
9468,1,1.0
9469,1,1.0
9470,1,1.0
9471,1,1.0
9472,1,1.0
9473,1,1.0
9474,1,1.0
9475,1,1.0
9476,1,1.0
9477,1,1.0
9478,1,1.0
9479,1,1.0
9480,1,1.0
9481,1,1.0
9482,1,1.0
9483,1,1.0
9484,1,1.0
9485,1,1.0
9486,1,1.0
9487,1,1.0
9488,1,1.0
9489,1,1.0
9490,1,1.0
9491,1,1.0
9492,1,1.0
9493,1,1.0
9494,1,1.0
9495,1,1.0
9496,1,1.0
9497,1,1.0
9498,1,1.0
9499,1,1.0
9500,1,1.0
9501,1,1.0
9502,1,1.0
9503,1,1.0
9504,1,1.0
9505,1,1.0
9506,1,1.0
9507,1,1.0
9508,1,1.0
9509,1,1.0
9510,1,1.0
9511,1,1.0
9512,1,1.0
9513,1,1.0
9514,1,1.0
9515,1,1.0
9516,1,1.0
9517,1,1.0
9518,1,1.0
9519,1,1.0
9520,1,1.0
9521,1,1.0
9522,1,1.0
9523,1,1.0
9524,1,1.0
9525,1,1.0
9526,1,1.0
9527,1,1.0
9528,1,1.0
9529,1,1.0
9530,1,1.0
9531,1,1.0
9532,1,1.0
9533,1,1.0
9534,1,1.0
9535,1,1.0
9536,1,1.0
9537,1,1.0
9538,1,1.0
9539,1,1.0
9540,1,1.0
9541,1,1.0
9542,1,1.0
9543,1,1.0
9544,1,1.0
9545,1,1.0
9546,1,1.0
9547,1,1.0
9548,1,1.0
9549,1,1.0
9550,1,1.0
9551,1,1.0
9552,1,1.0
9553,1,1.0
9554,1,1.0
9555,1,1.0
9556,1,1.0
9557,1,1.0
9558,1,1.0
9559,1,1.0
9560,1,1.0
9561,1,1.0
9562,1,1.0
9563,1,1.0
9564,1,1.0
9565,1,1.0
9566,1,1.0
9567,1,1.0
9568,1,1.0
9569,1,1.0
9570,1,1.0
9571,1,1.0
9572,1,1.0
9573,1,1.0
9574,1,1.0
9575,1,1.0
9576,1,1.0
9577,1,1.0
9578,1,1.0
9579,1,1.0
9580,1,1.0
9581,1,1.0
9582,1,1.0
9583,1,1.0
9584,1,1.0
9585,1,1.0
9586,1,1.0
9587,1,1.0
9588,1,1.0
9589,1,1.0
9590,1,1.0
9591,1,1.0
9592,1,1.0
9593,1,1.0
9594,1,1.0
9595,1,1.0
9596,1,1.0
9597,1,1.0
9598,1,1.0
9599,1,1.0
9600,1,1.0
9601,1,1.0
9602,1,1.0
9603,1,1.0
9604,1,1.0
9605,1,1.0
9606,1,1.0
9607,1,1.0
9608,1,1.0
9609,1,1.0
9610,1,1.0
9611,1,1.0
9612,1,1.0
9613,1,1.0
9614,1,1.0
9615,1,1.0
9616,1,1.0
9617,1,1.0
9618,1,1.0
9619,1,1.0
9620,1,1.0
9621,1,1.0
9622,1,1.0
9623,1,1.0
9624,1,1.0
9625,1,1.0
9626,1,1.0
9627,1,1.0
9628,1,1.0
9629,1,1.0
9630,1,1.0
9631,1,1.0
9632,1,1.0
9633,1,1.0
9634,1,1.0
9635,1,1.0
9636,1,1.0
9637,1,1.0
9638,1,1.0
9639,1,1.0
9640,1,1.0
9641,1,1.0
9642,1,1.0
9643,1,1.0
9644,1,1.0
9645,1,1.0
9646,1,1.0
9647,1,1.0
9648,1,1.0
9649,1,1.0
9650,1,1.0
9651,1,1.0
9652,1,1.0
9653,1,1.0
9654,1,1.0
9655,1,1.0
9656,1,1.0
9657,1,1.0
9658,1,1.0
9659,1,1.0
9660,1,1.0
9661,1,1.0
9662,1,1.0
9663,1,1.0
9664,1,1.0
9665,1,1.0
9666,1,1.0
9667,1,1.0
9668,1,1.0
9669,1,1.0
9670,1,1.0
9671,1,1.0
9672,1,1.0
9673,1,1.0
9674,1,1.0
9675,1,1.0
9676,1,1.0
9677,1,1.0
9678,1,1.0
9679,1,1.0
9680,1,1.0
9681,1,1.0
9682,1,1.0
9683,1,1.0
9684,1,1.0
9685,1,1.0
9686,1,1.0
9687,1,1.0
9688,1,1.0
9689,1,1.0
9690,1,1.0
9691,1,1.0
9692,1,1.0
9693,1,1.0
9694,1,1.0
9695,1,1.0
9696,1,1.0
9697,1,1.0
9698,1,1.0
9699,1,1.0
9700,1,1.0
9701,1,1.0
9702,1,1.0
9703,1,1.0
9704,1,1.0
9705,1,1.0
9706,1,1.0
9707,1,1.0
9708,1,1.0
9709,1,1.0
9710,1,1.0
9711,1,1.0
9712,1,1.0
9713,1,1.0
9714,1,1.0
9715,1,1.0
9716,1,1.0
9717,1,1.0
9718,1,1.0
9719,1,1.0
9720,1,1.0
9721,1,1.0
9722,1,1.0
9723,1,1.0
9724,1,1.0
9725,1,1.0
9726,1,1.0
9727,1,1.0
9728,1,1.0
9729,1,1.0
9730,1,1.0
9731,1,1.0
9732,1,1.0
9733,1,1.0
9734,1,1.0
9735,1,1.0
9736,1,1.0
9737,1,1.0
9738,1,1.0
9739,1,1.0
9740,1,1.0
9741,1,1.0
9742,1,1.0
9743,1,1.0
9744,1,1.0
9745,1,1.0
9746,1,1.0
9747,1,1.0
9748,1,1.0
9749,1,1.0
9750,1,1.0
9751,1,1.0
9752,1,1.0
9753,1,1.0
9754,1,1.0
9755,1,1.0
9756,1,1.0
9757,1,1.0
9758,1,1.0
9759,1,1.0
9760,1,1.0
9761,1,1.0
9762,1,1.0
9763,1,1.0
9764,1,1.0
9765,1,1.0
9766,1,1.0
9767,1,1.0
9768,1,1.0
9769,1,1.0
9770,1,1.0
9771,1,1.0
9772,1,1.0
9773,1,1.0
9774,1,1.0
9775,1,1.0
9776,1,1.0
9777,1,1.0
9778,1,1.0
9779,1,1.0
9780,1,1.0
9781,1,1.0
9782,1,1.0
9783,1,1.0
9784,1,1.0
9785,1,1.0
9786,1,1.0
9787,1,1.0
9788,1,1.0
9789,1,1.0
9790,1,1.0
9791,1,1.0
9792,1,1.0
9793,1,1.0
9794,1,1.0
9795,1,1.0
9796,1,1.0
9797,1,1.0
9798,1,1.0
9799,1,1.0
9800,1,1.0
9801,1,1.0
9802,1,1.0
9803,1,1.0
9804,1,1.0
9805,1,1.0
9806,1,1.0
9807,1,1.0
9808,1,1.0
9809,1,1.0
9810,1,1.0
9811,1,1.0
9812,1,1.0
9813,1,1.0
9814,1,1.0
9815,1,1.0
9816,1,1.0
9817,1,1.0
9818,1,1.0
9819,1,1.0
9820,1,1.0
9821,1,1.0
9822,1,1.0
9823,1,1.0
9824,1,1.0
9825,1,1.0
9826,1,1.0
9827,1,1.0
9828,1,1.0
9829,1,1.0
9830,1,1.0
9831,1,1.0
9832,1,1.0
9833,1,1.0
9834,1,1.0
9835,1,1.0
9836,1,1.0
9837,1,1.0
9838,1,1.0
9839,1,1.0
9840,1,1.0
9841,1,1.0
9842,1,1.0
9843,1,1.0
9844,1,1.0
9845,1,1.0
9846,1,1.0
9847,1,1.0
9848,1,1.0
9849,1,1.0
9850,1,1.0
9851,1,1.0
9852,1,1.0
9853,1,1.0
9854,1,1.0
9855,1,1.0
9856,1,1.0
9857,1,1.0
9858,1,1.0
9859,1,1.0
9860,1,1.0
9861,1,1.0
9862,1,1.0
9863,1,1.0
9864,1,1.0
9865,1,1.0
9866,1,1.0
9867,1,1.0
9868,1,1.0
9869,1,1.0
9870,1,1.0
9871,1,1.0
9872,1,1.0
9873,1,1.0
9874,1,1.0
9875,1,1.0
9876,1,1.0
9877,1,1.0
9878,1,1.0
9879,1,1.0
9880,1,1.0
9881,1,1.0
9882,1,1.0
9883,1,1.0
9884,1,1.0
9885,1,1.0
9886,1,1.0
9887,1,1.0
9888,1,1.0
9889,1,1.0
9890,1,1.0
9891,1,1.0
9892,1,1.0
9893,1,1.0
9894,1,1.0
9895,1,1.0
9896,1,1.0
9897,1,1.0
9898,1,1.0
9899,1,1.0
9900,1,1.0
9901,1,1.0
9902,1,1.0
9903,1,1.0
9904,1,1.0
9905,1,1.0
9906,1,1.0
9907,1,1.0
9908,1,1.0
9909,1,1.0
9910,1,1.0
9911,1,1.0
9912,1,1.0
9913,1,1.0
9914,1,1.0
9915,1,1.0
9916,1,1.0
9917,1,1.0
9918,1,1.0
9919,1,1.0
9920,1,1.0
9921,1,1.0
9922,1,1.0
9923,1,1.0
9924,1,1.0
9925,1,1.0
9926,1,1.0
9927,1,1.0
9928,1,1.0
9929,1,1.0
9930,1,1.0
9931,1,1.0
9932,1,1.0
9933,1,1.0
9934,1,1.0
9935,1,1.0
9936,1,1.0
9937,1,1.0
9938,1,1.0
9939,1,1.0
9940,1,1.0
9941,1,1.0
9942,1,1.0
9943,1,1.0
9944,1,1.0
9945,1,1.0
9946,1,1.0
9947,1,1.0
9948,1,1.0
9949,1,1.0
9950,1,1.0
9951,1,1.0
9952,1,1.0
9953,1,1.0
9954,1,1.0
9955,1,1.0
9956,1,1.0
9957,1,1.0
9958,1,1.0
9959,1,1.0
9960,1,1.0
9961,1,1.0
9962,1,1.0
9963,1,1.0
9964,1,1.0
9965,1,1.0
9966,1,1.0
9967,1,1.0
9968,1,1.0
9969,1,1.0
9970,1,1.0
9971,1,1.0
9972,1,1.0
9973,1,1.0
9974,1,1.0
9975,1,1.0
9976,1,1.0
9977,1,1.0
9978,1,1.0
9979,1,1.0
9980,1,1.0
9981,1,1.0
9982,1,1.0
9983,1,1.0
9984,1,1.0
9985,1,1.0
9986,1,1.0
9987,1,1.0
9988,1,1.0
9989,1,1.0
9990,1,1.0
9991,1,1.0
9992,1,1.0
9993,1,1.0
9994,1,1.0
9995,1,1.0
9996,1,1.0
9997,1,1.0
9998,1,1.0
9999,1,1.0
10000,1,1.0
10001,1,1.0
10002,1,1.0
10003,1,1.0
10004,1,1.0
10005,1,1.0
10006,1,1.0
10007,1,1.0
10008,1,1.0
10009,1,1.0
10010,1,1.0
10011,1,1.0
10012,1,1.0
10013,1,1.0
10014,1,1.0
10015,1,1.0
10016,1,1.0
10017,1,1.0
10018,1,1.0
10019,1,1.0
10020,1,1.0
10021,1,1.0
10022,1,1.0
10023,1,1.0
10024,1,1.0
10025,1,1.0
10026,1,1.0
10027,1,1.0
10028,1,1.0
10029,1,1.0
10030,1,1.0
10031,1,1.0
10032,1,1.0
10033,1,1.0
10034,1,1.0
10035,1,1.0
10036,1,1.0
10037,1,1.0
10038,1,1.0
10039,1,1.0
10040,1,1.0
10041,1,1.0
10042,1,1.0
10043,1,1.0
10044,1,1.0
10045,1,1.0
10046,1,1.0
10047,1,1.0
10048,1,1.0
10049,1,1.0
10050,1,1.0
10051,1,1.0
10052,1,1.0
10053,1,1.0
10054,1,1.0
10055,1,1.0
10056,1,1.0
10057,1,1.0
10058,1,1.0
10059,1,1.0
10060,1,1.0
10061,1,1.0
10062,1,1.0
10063,1,1.0
10064,1,1.0
10065,1,1.0
10066,1,1.0
10067,1,1.0
10068,1,1.0
10069,1,1.0
10070,1,1.0
10071,1,1.0
10072,1,1.0
10073,1,1.0
10074,1,1.0
10075,1,1.0
10076,1,1.0
10077,1,1.0
10078,1,1.0
10079,1,1.0
10080,1,1.0
10081,1,1.0
10082,1,1.0
10083,1,1.0
10084,1,1.0
10085,1,1.0
10086,1,1.0
10087,1,1.0
10088,1,1.0
10089,1,1.0
10090,1,1.0
10091,1,1.0
10092,1,1.0
10093,1,1.0
10094,1,1.0
10095,1,1.0
10096,1,1.0
10097,1,1.0
10098,1,1.0
10099,1,1.0
10100,1,1.0
10101,1,1.0
10102,1,1.0
10103,1,1.0
10104,1,1.0
10105,1,1.0
10106,1,1.0
10107,1,1.0
10108,1,1.0
10109,1,1.0
10110,1,1.0
10111,1,1.0
10112,1,1.0
10113,1,1.0
10114,1,1.0
10115,1,1.0
10116,1,1.0
10117,1,1.0
10118,1,1.0
10119,1,1.0
10120,1,1.0
10121,1,1.0
10122,1,1.0
10123,1,1.0
10124,1,1.0
10125,1,1.0
10126,1,1.0
10127,1,1.0
10128,1,1.0
10129,1,1.0
10130,1,1.0
10131,1,1.0
10132,1,1.0
10133,1,1.0
10134,1,1.0
10135,1,1.0
10136,1,1.0
10137,1,1.0
10138,1,1.0
10139,1,1.0
10140,1,1.0
10141,1,1.0
10142,1,1.0
10143,1,1.0
10144,1,1.0
10145,1,1.0
10146,1,1.0
10147,1,1.0
10148,1,1.0
10149,1,1.0
10150,1,1.0
10151,1,1.0
10152,1,1.0
10153,1,1.0
10154,1,1.0
10155,1,1.0
10156,1,1.0
10157,1,1.0
10158,1,1.0
10159,1,1.0
10160,1,1.0
10161,1,1.0
10162,1,1.0
10163,1,1.0
10164,1,1.0
10165,1,1.0
10166,1,1.0
10167,1,1.0
10168,1,1.0
10169,1,1.0
10170,1,1.0
10171,1,1.0
10172,1,1.0
10173,1,1.0
10174,1,1.0
10175,1,1.0
10176,1,1.0
10177,1,1.0
10178,1,1.0
10179,1,1.0
10180,1,1.0
10181,1,1.0
10182,1,1.0
10183,1,1.0
10184,1,1.0
10185,1,1.0
10186,1,1.0
10187,1,1.0
10188,1,1.0
10189,1,1.0
10190,1,1.0
10191,1,1.0
10192,1,1.0
10193,1,1.0
10194,1,1.0
10195,1,1.0
10196,1,1.0
10197,1,1.0
10198,1,1.0
10199,1,1.0
10200,1,1.0
10201,1,1.0
10202,1,1.0
10203,1,1.0
10204,1,1.0
10205,1,1.0
10206,1,1.0
10207,1,1.0
10208,1,1.0
10209,1,1.0
10210,1,1.0
10211,1,1.0
10212,1,1.0
10213,1,1.0
10214,1,1.0
10215,1,1.0
10216,1,1.0
10217,1,1.0
10218,1,1.0
10219,1,1.0
10220,1,1.0
10221,1,1.0
10222,1,1.0
10223,1,1.0
10224,1,1.0
10225,1,1.0
10226,1,1.0
10227,1,1.0
10228,1,1.0
10229,1,1.0
10230,1,1.0
10231,1,1.0
10232,1,1.0
10233,1,1.0
10234,1,1.0
10235,1,1.0
10236,1,1.0
10237,1,1.0
10238,1,1.0
10239,1,1.0
10240,1,1.0
10241,1,1.0
10242,1,1.0
10243,1,1.0
10244,1,1.0
10245,1,1.0
10246,1,1.0
10247,1,1.0
10248,1,1.0
10249,1,1.0
10250,1,1.0
10251,1,1.0
10252,1,1.0
10253,1,1.0
10254,1,1.0
10255,1,1.0
10256,1,1.0
10257,1,1.0
10258,1,1.0
10259,1,1.0
10260,1,1.0
10261,1,1.0
10262,1,1.0
10263,1,1.0
10264,1,1.0
10265,1,1.0
10266,1,1.0
10267,1,1.0
10268,1,1.0
10269,1,1.0
10270,1,1.0
10271,1,1.0
10272,1,1.0
10273,1,1.0
10274,1,1.0
10275,1,1.0
10276,1,1.0
10277,1,1.0
10278,1,1.0
10279,1,1.0
10280,1,1.0
10281,1,1.0
10282,1,1.0
10283,1,1.0
10284,1,1.0
10285,1,1.0
10286,1,1.0
10287,1,1.0
10288,1,1.0
10289,1,1.0
10290,1,1.0
10291,1,1.0
10292,1,1.0
10293,1,1.0
10294,1,1.0
10295,1,1.0
10296,1,1.0
10297,1,1.0
10298,1,1.0
10299,1,1.0
10300,1,1.0
10301,1,1.0
10302,1,1.0
10303,1,1.0
10304,1,1.0
10305,1,1.0
10306,1,1.0
10307,1,1.0
10308,1,1.0
10309,1,1.0
10310,1,1.0
10311,1,1.0
10312,1,1.0
10313,1,1.0
10314,1,1.0
10315,1,1.0
10316,1,1.0
10317,1,1.0
10318,1,1.0
10319,1,1.0
10320,1,1.0
10321,1,1.0
10322,1,1.0
10323,1,1.0
10324,1,1.0
10325,1,1.0
10326,1,1.0
10327,1,1.0
10328,1,1.0
10329,1,1.0
10330,1,1.0
10331,1,1.0
10332,1,1.0
10333,1,1.0
10334,1,1.0
10335,1,1.0
10336,1,1.0
10337,1,1.0
10338,1,1.0
10339,1,1.0
10340,1,1.0
10341,1,1.0
10342,1,1.0
10343,1,1.0
10344,1,1.0
10345,1,1.0
10346,1,1.0
10347,1,1.0
10348,1,1.0
10349,1,1.0
10350,1,1.0
10351,1,1.0
10352,1,1.0
10353,1,1.0
10354,1,1.0
10355,1,1.0
10356,1,1.0
10357,1,1.0
10358,1,1.0
10359,1,1.0
10360,1,1.0
10361,1,1.0
10362,1,1.0
10363,1,1.0
10364,1,1.0
10365,1,1.0
10366,1,1.0
10367,1,1.0
10368,1,1.0
10369,1,1.0
10370,1,1.0
10371,1,1.0
10372,1,1.0
10373,1,1.0
10374,1,1.0
10375,1,1.0
10376,1,1.0
10377,1,1.0
10378,1,1.0
10379,1,1.0
10380,1,1.0
10381,1,1.0
10382,1,1.0
10383,1,1.0
10384,1,1.0
10385,1,1.0
10386,1,1.0
10387,1,1.0
10388,1,1.0
10389,1,1.0
10390,1,1.0
10391,1,1.0
10392,1,1.0
10393,1,1.0
10394,1,1.0
10395,1,1.0
10396,1,1.0
10397,1,1.0
10398,1,1.0
10399,1,1.0
10400,1,1.0
10401,1,1.0
10402,1,1.0
10403,1,1.0
10404,1,1.0
10405,1,1.0
10406,1,1.0
10407,1,1.0
10408,1,1.0
10409,1,1.0
10410,1,1.0
10411,1,1.0
10412,1,1.0
10413,1,1.0
10414,1,1.0
10415,1,1.0
10416,1,1.0
10417,1,1.0
10418,1,1.0
10419,1,1.0
10420,1,1.0
10421,1,1.0
10422,1,1.0
10423,1,1.0
10424,1,1.0
10425,1,1.0
10426,1,1.0
10427,1,1.0
10428,1,1.0
10429,1,1.0
10430,1,1.0
10431,1,1.0
10432,1,1.0
10433,1,1.0
10434,1,1.0
10435,1,1.0
10436,1,1.0
10437,1,1.0
10438,1,1.0
10439,1,1.0
10440,1,1.0
10441,1,1.0
10442,1,1.0
10443,1,1.0
10444,1,1.0
10445,1,1.0
10446,1,1.0
10447,1,1.0
10448,1,1.0
10449,1,1.0
10450,1,1.0
10451,1,1.0
10452,1,1.0
10453,1,1.0
10454,1,1.0
10455,1,1.0
10456,1,1.0
10457,1,1.0
10458,1,1.0
10459,1,1.0
10460,1,1.0
10461,1,1.0
10462,1,1.0
10463,1,1.0
10464,1,1.0
10465,1,1.0
10466,1,1.0
10467,1,1.0
10468,1,1.0
10469,1,1.0
10470,1,1.0
10471,1,1.0
10472,1,1.0
10473,1,1.0
10474,1,1.0
10475,1,1.0
10476,1,1.0
10477,1,1.0
10478,1,1.0
10479,1,1.0
10480,1,1.0
10481,1,1.0
10482,1,1.0
10483,1,1.0
10484,1,1.0
10485,1,1.0
10486,1,1.0
10487,1,1.0
10488,1,1.0
10489,1,1.0
10490,1,1.0
10491,1,1.0
10492,1,1.0
10493,1,1.0
10494,1,1.0
10495,1,1.0
10496,1,1.0
10497,1,1.0
10498,1,1.0
10499,1,1.0
10500,1,1.0
10501,1,1.0
10502,1,1.0
10503,1,1.0
10504,1,1.0
10505,1,1.0
10506,1,1.0
10507,1,1.0
10508,1,1.0
10509,1,1.0
10510,1,1.0
10511,1,1.0
10512,1,1.0
10513,1,1.0
10514,1,1.0
10515,1,1.0
10516,1,1.0
10517,1,1.0
10518,1,1.0
10519,1,1.0
10520,1,1.0
10521,1,1.0
10522,1,1.0
10523,1,1.0
10524,1,1.0
10525,1,1.0
10526,1,1.0
10527,1,1.0
10528,1,1.0
10529,1,1.0
10530,1,1.0
10531,1,1.0
10532,1,1.0
10533,1,1.0
10534,1,1.0
10535,1,1.0
10536,1,1.0
10537,1,1.0
10538,1,1.0
10539,1,1.0
10540,1,1.0
10541,1,1.0
10542,1,1.0
10543,1,1.0
10544,1,1.0
10545,1,1.0
10546,1,1.0
10547,1,1.0
10548,1,1.0
10549,1,1.0
10550,1,1.0
10551,1,1.0
10552,1,1.0
10553,1,1.0
10554,1,1.0
10555,1,1.0
10556,1,1.0
10557,1,1.0
10558,1,1.0
10559,1,1.0
10560,1,1.0
10561,1,1.0
10562,1,1.0
10563,1,1.0
10564,1,1.0
10565,1,1.0
10566,1,1.0
10567,1,1.0
10568,1,1.0
10569,1,1.0
10570,1,1.0
10571,1,1.0
10572,1,1.0
10573,1,1.0
10574,1,1.0
10575,1,1.0
10576,1,1.0
10577,1,1.0
10578,1,1.0
10579,1,1.0
10580,1,1.0
10581,1,1.0
10582,1,1.0
10583,1,1.0
10584,1,1.0
10585,1,1.0
10586,1,1.0
10587,1,1.0
10588,1,1.0
10589,1,1.0
10590,1,1.0
10591,1,1.0
10592,1,1.0
10593,1,1.0
10594,1,1.0
10595,1,1.0
10596,1,1.0
10597,1,1.0
10598,1,1.0
10599,1,1.0
10600,1,1.0
10601,1,1.0
10602,1,1.0
10603,1,1.0
10604,1,1.0
10605,1,1.0
10606,1,1.0
10607,1,1.0
10608,1,1.0
10609,1,1.0
10610,1,1.0
10611,1,1.0
10612,1,1.0
10613,1,1.0
10614,1,1.0
10615,1,1.0
10616,1,1.0
10617,1,1.0
10618,1,1.0
10619,1,1.0
10620,1,1.0
10621,1,1.0
10622,1,1.0
10623,1,1.0
10624,1,1.0
10625,1,1.0
10626,1,1.0
10627,1,1.0
10628,1,1.0
10629,1,1.0
10630,1,1.0
10631,1,1.0
10632,1,1.0
10633,1,1.0
10634,1,1.0
10635,1,1.0
10636,1,1.0
10637,1,1.0
10638,1,1.0
10639,1,1.0
10640,1,1.0
10641,1,1.0
10642,1,1.0
10643,1,1.0
10644,1,1.0
10645,1,1.0
10646,1,1.0
10647,1,1.0
10648,1,1.0
10649,1,1.0
10650,1,1.0
10651,1,1.0
10652,1,1.0
10653,1,1.0
10654,1,1.0
10655,1,1.0
10656,1,1.0
10657,1,1.0
10658,1,1.0
10659,1,1.0
10660,1,1.0
10661,1,1.0
10662,1,1.0
10663,1,1.0
10664,1,1.0
10665,1,1.0
10666,1,1.0
10667,1,1.0
10668,1,1.0
10669,1,1.0
10670,1,1.0
10671,1,1.0
10672,1,1.0
10673,1,1.0
10674,1,1.0
10675,1,1.0
10676,1,1.0
10677,1,1.0
10678,1,1.0
10679,1,1.0
10680,1,1.0
10681,1,1.0
10682,1,1.0
10683,1,1.0
10684,1,1.0
10685,1,1.0
10686,1,1.0
10687,1,1.0
10688,1,1.0
10689,1,1.0
10690,1,1.0
10691,1,1.0
10692,1,1.0
10693,1,1.0
10694,1,1.0
10695,1,1.0
10696,1,1.0
10697,1,1.0
10698,1,1.0
10699,1,1.0
10700,1,1.0
10701,1,1.0
10702,1,1.0
10703,1,1.0
10704,1,1.0
10705,1,1.0
10706,1,1.0
10707,1,1.0
10708,1,1.0
10709,1,1.0
10710,1,1.0
10711,1,1.0
10712,1,1.0
10713,1,1.0
10714,1,1.0
10715,1,1.0
10716,1,1.0
10717,1,1.0
10718,1,1.0
10719,1,1.0
10720,1,1.0
10721,1,1.0
10722,1,1.0
10723,1,1.0
10724,1,1.0
10725,1,1.0
10726,1,1.0
10727,1,1.0
10728,1,1.0
10729,1,1.0
10730,1,1.0
10731,1,1.0
10732,1,1.0
10733,1,1.0
10734,1,1.0
10735,1,1.0
10736,1,1.0
10737,1,1.0
10738,1,1.0
10739,1,1.0
10740,1,1.0
10741,1,1.0
10742,1,1.0
10743,1,1.0
10744,1,1.0
10745,1,1.0
10746,1,1.0
10747,1,1.0
10748,1,1.0
10749,1,1.0
10750,1,1.0
10751,1,1.0
10752,1,1.0
10753,1,1.0
10754,1,1.0
10755,1,1.0
10756,1,1.0
10757,1,1.0
10758,1,1.0
10759,1,1.0
10760,1,1.0
10761,1,1.0
10762,1,1.0
10763,1,1.0
10764,1,1.0
10765,1,1.0
10766,1,1.0
10767,1,1.0
10768,1,1.0
10769,1,1.0
10770,1,1.0
10771,1,1.0
10772,1,1.0
10773,1,1.0
10774,1,1.0
10775,1,1.0
10776,1,1.0
10777,1,1.0
10778,1,1.0
10779,1,1.0
10780,1,1.0
10781,1,1.0
10782,1,1.0
10783,1,1.0
10784,1,1.0
10785,1,1.0
10786,1,1.0
10787,1,1.0
10788,1,1.0
10789,1,1.0
10790,1,1.0
10791,1,1.0
10792,1,1.0
10793,1,1.0
10794,1,1.0
10795,1,1.0
10796,1,1.0
10797,1,1.0
10798,1,1.0
10799,1,1.0
10800,1,1.0
10801,1,1.0
10802,1,1.0
10803,1,1.0
10804,1,1.0
10805,1,1.0
10806,1,1.0
10807,1,1.0
10808,1,1.0
10809,1,1.0
10810,1,1.0
10811,1,1.0
10812,1,1.0
10813,1,1.0
10814,1,1.0
10815,1,1.0
10816,1,1.0
10817,1,1.0
10818,1,1.0
10819,1,1.0
10820,1,1.0
10821,1,1.0
10822,1,1.0
10823,1,1.0
10824,1,1.0
10825,1,1.0
10826,1,1.0
10827,1,1.0
10828,1,1.0
10829,1,1.0
10830,1,1.0
10831,1,1.0
10832,1,1.0
10833,1,1.0
10834,1,1.0
10835,1,1.0
10836,1,1.0
10837,1,1.0
10838,1,1.0
10839,1,1.0
10840,1,1.0
10841,1,1.0
10842,1,1.0
10843,1,1.0
10844,1,1.0
10845,1,1.0
10846,1,1.0
10847,1,1.0
10848,1,1.0
10849,1,1.0
10850,1,1.0
10851,1,1.0
10852,1,1.0
10853,1,1.0
10854,1,1.0
10855,1,1.0
10856,1,1.0
10857,1,1.0
10858,1,1.0
10859,1,1.0
10860,1,1.0
10861,1,1.0
10862,1,1.0
10863,1,1.0
10864,1,1.0
10865,1,1.0
10866,1,1.0
10867,1,1.0
10868,1,1.0
10869,1,1.0
10870,1,1.0
10871,1,1.0
10872,1,1.0
10873,1,1.0
10874,1,1.0
10875,1,1.0
10876,1,1.0
10877,1,1.0
10878,1,1.0
10879,1,1.0
10880,1,1.0
10881,1,1.0
10882,1,1.0
10883,1,1.0
10884,1,1.0
10885,1,1.0
10886,1,1.0
10887,1,1.0
10888,1,1.0
10889,1,1.0
10890,1,1.0
10891,1,1.0
10892,1,1.0
10893,1,1.0
10894,1,1.0
10895,1,1.0
10896,1,1.0
10897,1,1.0
10898,1,1.0
10899,1,1.0
10900,1,1.0
10901,1,1.0
10902,1,1.0
10903,1,1.0
10904,1,1.0
10905,1,1.0
10906,1,1.0
10907,1,1.0
10908,1,1.0
10909,1,1.0
10910,1,1.0
10911,1,1.0
10912,1,1.0
10913,1,1.0
10914,1,1.0
10915,1,1.0
10916,1,1.0
10917,1,1.0
10918,1,1.0
10919,1,1.0
10920,1,1.0
10921,1,1.0
10922,1,1.0
10923,1,1.0
10924,1,1.0
10925,1,1.0
10926,1,1.0
10927,1,1.0
10928,1,1.0
10929,1,1.0
10930,1,1.0
10931,1,1.0
10932,1,1.0
10933,1,1.0
10934,1,1.0
10935,1,1.0
10936,1,1.0
10937,1,1.0
10938,1,1.0
10939,1,1.0
10940,1,1.0
10941,1,1.0
10942,1,1.0
10943,1,1.0
10944,1,1.0
10945,1,1.0
10946,1,1.0
10947,1,1.0
10948,1,1.0
10949,1,1.0
10950,1,1.0
10951,1,1.0
10952,1,1.0
10953,1,1.0
10954,1,1.0
10955,1,1.0
10956,1,1.0
10957,1,1.0
10958,1,1.0
10959,1,1.0
10960,1,1.0
10961,1,1.0
10962,1,1.0
10963,1,1.0
10964,1,1.0
10965,1,1.0
10966,1,1.0
10967,1,1.0
10968,1,1.0
10969,1,1.0
10970,1,1.0
10971,1,1.0
10972,1,1.0
10973,1,1.0
10974,1,1.0
10975,1,1.0
10976,1,1.0
10977,1,1.0
10978,1,1.0
10979,1,1.0
10980,1,1.0
10981,1,1.0
10982,1,1.0
10983,1,1.0
10984,1,1.0
10985,1,1.0
10986,1,1.0
10987,1,1.0
10988,1,1.0
10989,1,1.0
10990,1,1.0
10991,1,1.0
10992,1,1.0
10993,1,1.0
10994,1,1.0
10995,1,1.0
10996,1,1.0
10997,1,1.0
10998,1,1.0
10999,1,1.0
11000,1,1.0
11001,1,1.0
11002,1,1.0
11003,1,1.0
11004,1,1.0
11005,1,1.0
11006,1,1.0
11007,1,1.0
11008,1,1.0
11009,1,1.0
11010,1,1.0
11011,1,1.0
11012,1,1.0
11013,1,1.0
11014,1,1.0
11015,1,1.0
11016,1,1.0
11017,1,1.0
11018,1,1.0
11019,1,1.0
11020,1,1.0
11021,1,1.0
11022,1,1.0
11023,1,1.0
11024,1,1.0
11025,1,1.0
11026,1,1.0
11027,1,1.0
11028,1,1.0
11029,1,1.0
11030,1,1.0
11031,1,1.0
11032,1,1.0
11033,1,1.0
11034,1,1.0
11035,1,1.0
11036,1,1.0
11037,1,1.0
11038,1,1.0
11039,1,1.0
11040,1,1.0
11041,1,1.0
11042,1,1.0
11043,1,1.0
11044,1,1.0
11045,1,1.0
11046,1,1.0
11047,1,1.0
11048,1,1.0
11049,1,1.0
11050,1,1.0
11051,1,1.0
11052,1,1.0
11053,1,1.0
11054,1,1.0
11055,1,1.0
11056,1,1.0
11057,1,1.0
11058,1,1.0
11059,1,1.0
11060,1,1.0
11061,1,1.0
11062,1,1.0
11063,1,1.0
11064,1,1.0
11065,1,1.0
11066,1,1.0
11067,1,1.0
11068,1,1.0
11069,1,1.0
11070,1,1.0
11071,1,1.0
11072,1,1.0
11073,1,1.0
11074,1,1.0
11075,1,1.0
11076,1,1.0
11077,1,1.0
11078,1,1.0
11079,1,1.0
11080,1,1.0
11081,1,1.0
11082,1,1.0
11083,1,1.0
11084,1,1.0
11085,1,1.0
11086,1,1.0
11087,1,1.0
11088,1,1.0
11089,1,1.0
11090,1,1.0
11091,1,1.0
11092,1,1.0
11093,1,1.0
11094,1,1.0
11095,1,1.0
11096,1,1.0
11097,1,1.0
11098,1,1.0
11099,1,1.0
11100,1,1.0
11101,1,1.0
11102,1,1.0
11103,1,1.0
11104,1,1.0
11105,1,1.0
11106,1,1.0
11107,1,1.0
11108,1,1.0
11109,1,1.0
11110,1,1.0
11111,1,1.0
11112,1,1.0
11113,1,1.0
11114,1,1.0
11115,1,1.0
11116,1,1.0
11117,1,1.0
11118,1,1.0
11119,1,1.0
11120,1,1.0
11121,1,1.0
11122,1,1.0
11123,1,1.0
11124,1,1.0
11125,1,1.0
11126,1,1.0
11127,1,1.0
11128,1,1.0
11129,1,1.0
11130,1,1.0
11131,1,1.0
11132,1,1.0
11133,1,1.0
11134,1,1.0
11135,1,1.0
11136,1,1.0
11137,1,1.0
11138,1,1.0
11139,1,1.0
11140,1,1.0
11141,1,1.0
11142,1,1.0
11143,1,1.0
11144,1,1.0
11145,1,1.0
11146,1,1.0
11147,1,1.0
11148,1,1.0
11149,1,1.0
11150,1,1.0
11151,1,1.0
11152,1,1.0
11153,1,1.0
11154,1,1.0
11155,1,1.0
11156,1,1.0
11157,1,1.0
11158,1,1.0
11159,1,1.0
11160,1,1.0
11161,1,1.0
11162,1,1.0
11163,1,1.0
11164,1,1.0
11165,1,1.0
11166,1,1.0
11167,1,1.0
11168,1,1.0
11169,1,1.0
11170,1,1.0
11171,1,1.0
11172,1,1.0
11173,1,1.0
11174,1,1.0
11175,1,1.0
11176,1,1.0
11177,1,1.0
11178,1,1.0
11179,1,1.0
11180,1,1.0
11181,1,1.0
11182,1,1.0
11183,1,1.0
11184,1,1.0
11185,1,1.0
11186,1,1.0
11187,1,1.0
11188,1,1.0
11189,1,1.0
11190,1,1.0
11191,1,1.0
11192,1,1.0
11193,1,1.0
11194,1,1.0
11195,1,1.0
11196,1,1.0
11197,1,1.0
11198,1,1.0
11199,1,1.0
11200,1,1.0
11201,1,1.0
11202,1,1.0
11203,1,1.0
11204,1,1.0
11205,1,1.0
11206,1,1.0
11207,1,1.0
11208,1,1.0
11209,1,1.0
11210,1,1.0
11211,1,1.0
11212,1,1.0
11213,1,1.0
11214,1,1.0
11215,1,1.0
11216,1,1.0
11217,1,1.0
11218,1,1.0
11219,1,1.0
11220,1,1.0
11221,1,1.0
11222,1,1.0
11223,1,1.0
11224,1,1.0
11225,1,1.0
11226,1,1.0
11227,1,1.0
11228,1,1.0
11229,1,1.0
11230,1,1.0
11231,1,1.0
11232,1,1.0
11233,1,1.0
11234,1,1.0
11235,1,1.0
11236,1,1.0
11237,1,1.0
11238,1,1.0
11239,1,1.0
11240,1,1.0
11241,1,1.0
11242,1,1.0
11243,1,1.0
11244,1,1.0
11245,1,1.0
11246,1,1.0
11247,1,1.0
11248,1,1.0
11249,1,1.0
11250,1,1.0
11251,1,1.0
11252,1,1.0
11253,1,1.0
11254,1,1.0
11255,1,1.0
11256,1,1.0
11257,1,1.0
11258,1,1.0
11259,1,1.0
11260,1,1.0
11261,1,1.0
11262,1,1.0
11263,1,1.0
11264,1,1.0
11265,1,1.0
11266,1,1.0
11267,1,1.0
11268,1,1.0
11269,1,1.0
11270,1,1.0
11271,1,1.0
11272,1,1.0
11273,1,1.0
11274,1,1.0
11275,1,1.0
11276,1,1.0
11277,1,1.0
11278,1,1.0
11279,1,1.0
11280,1,1.0
11281,1,1.0
11282,1,1.0
11283,1,1.0
11284,1,1.0
11285,1,1.0
11286,1,1.0
11287,1,1.0
11288,1,1.0
11289,1,1.0
11290,1,1.0
11291,1,1.0
11292,1,1.0
11293,1,1.0
11294,1,1.0
11295,1,1.0
11296,1,1.0
11297,1,1.0
11298,1,1.0
11299,1,1.0
11300,1,1.0
11301,1,1.0
11302,1,1.0
11303,1,1.0
11304,1,1.0
11305,1,1.0
11306,1,1.0
11307,1,1.0
11308,1,1.0
11309,1,1.0
11310,1,1.0
11311,1,1.0
11312,1,1.0
11313,1,1.0
11314,1,1.0
11315,1,1.0
11316,1,1.0
11317,1,1.0
11318,1,1.0
11319,1,1.0
11320,1,1.0
11321,1,1.0
11322,1,1.0
11323,1,1.0
11324,1,1.0
11325,1,1.0
11326,1,1.0
11327,1,1.0
11328,1,1.0
11329,1,1.0
11330,1,1.0
11331,1,1.0
11332,1,1.0
11333,1,1.0
11334,1,1.0
11335,1,1.0
11336,1,1.0
11337,1,1.0
11338,1,1.0
11339,1,1.0
11340,1,1.0
11341,1,1.0
11342,1,1.0
11343,1,1.0
11344,1,1.0
11345,1,1.0
11346,1,1.0
11347,1,1.0
11348,1,1.0
11349,1,1.0
11350,1,1.0
11351,1,1.0
11352,1,1.0
11353,1,1.0
11354,1,1.0
11355,1,1.0
11356,1,1.0
11357,1,1.0
11358,1,1.0
11359,1,1.0
11360,1,1.0
11361,1,1.0
11362,1,1.0
11363,1,1.0
11364,1,1.0
11365,1,1.0
11366,1,1.0
11367,1,1.0
11368,1,1.0
11369,1,1.0
11370,1,1.0
11371,1,1.0
11372,1,1.0
11373,1,1.0
11374,1,1.0
11375,1,1.0
11376,1,1.0
11377,1,1.0
11378,1,1.0
11379,1,1.0
11380,1,1.0
11381,1,1.0
11382,1,1.0
11383,1,1.0
11384,1,1.0
11385,1,1.0
11386,1,1.0
11387,1,1.0
11388,1,1.0
11389,1,1.0
11390,1,1.0
11391,1,1.0
11392,1,1.0
11393,1,1.0
11394,1,1.0
11395,1,1.0
11396,1,1.0
11397,1,1.0
11398,1,1.0
11399,1,1.0
11400,1,1.0
11401,1,1.0
11402,1,1.0
11403,1,1.0
11404,1,1.0
11405,1,1.0
11406,1,1.0
11407,1,1.0
11408,1,1.0
11409,1,1.0
11410,1,1.0
11411,1,1.0
11412,1,1.0
11413,1,1.0
11414,1,1.0
11415,1,1.0
11416,1,1.0
11417,1,1.0
11418,1,1.0
11419,1,1.0
11420,1,1.0
11421,1,1.0
11422,1,1.0
11423,1,1.0
11424,1,1.0
11425,1,1.0
11426,1,1.0
11427,1,1.0
11428,1,1.0
11429,1,1.0
11430,1,1.0
11431,1,1.0
11432,1,1.0
11433,1,1.0
11434,1,1.0
11435,1,1.0
11436,1,1.0
11437,1,1.0
11438,1,1.0
11439,1,1.0
11440,1,1.0
11441,1,1.0
11442,1,1.0
11443,1,1.0
11444,1,1.0
11445,1,1.0
11446,1,1.0
11447,1,1.0
11448,1,1.0
11449,1,1.0
11450,1,1.0
11451,1,1.0
11452,1,1.0
11453,1,1.0
11454,1,1.0
11455,1,1.0
11456,1,1.0
11457,1,1.0
11458,1,1.0
11459,1,1.0
11460,1,1.0
11461,1,1.0
11462,1,1.0
11463,1,1.0
11464,1,1.0
11465,1,1.0
11466,1,1.0
11467,1,1.0
11468,1,1.0
11469,1,1.0
11470,1,1.0
11471,1,1.0
11472,1,1.0
11473,1,1.0
11474,1,1.0
11475,1,1.0
11476,1,1.0
11477,1,1.0
11478,1,1.0
11479,1,1.0
11480,1,1.0
11481,1,1.0
11482,1,1.0
11483,1,1.0
11484,1,1.0
11485,1,1.0
11486,1,1.0
11487,1,1.0
11488,1,1.0
11489,1,1.0
11490,1,1.0
11491,1,1.0
11492,1,1.0
11493,1,1.0
11494,1,1.0
11495,1,1.0
11496,1,1.0
11497,1,1.0
11498,1,1.0
11499,1,1.0
11500,1,1.0
11501,1,1.0
11502,1,1.0
11503,1,1.0
11504,1,1.0
11505,1,1.0
11506,1,1.0
11507,1,1.0
11508,1,1.0
11509,1,1.0
11510,1,1.0
11511,1,1.0
11512,1,1.0
11513,1,1.0
11514,1,1.0
11515,1,1.0
11516,1,1.0
11517,1,1.0
11518,1,1.0
11519,1,1.0
11520,1,1.0
11521,1,1.0
11522,1,1.0
11523,1,1.0
11524,1,1.0
11525,1,1.0
11526,1,1.0
11527,1,1.0
11528,1,1.0
11529,1,1.0
11530,1,1.0
11531,1,1.0
11532,1,1.0
11533,1,1.0
11534,1,1.0
11535,1,1.0
11536,1,1.0
11537,1,1.0
11538,1,1.0
11539,1,1.0
11540,1,1.0
11541,1,1.0
11542,1,1.0
11543,1,1.0
11544,1,1.0
11545,1,1.0
11546,1,1.0
11547,1,1.0
11548,1,1.0
11549,1,1.0
11550,1,1.0
11551,1,1.0
11552,1,1.0
11553,1,1.0
11554,1,1.0
11555,1,1.0
11556,1,1.0
11557,1,1.0
11558,1,1.0
11559,1,1.0
11560,1,1.0
11561,1,1.0
11562,1,1.0
11563,1,1.0
11564,1,1.0
11565,1,1.0
11566,1,1.0
11567,1,1.0
11568,1,1.0
11569,1,1.0
11570,1,1.0
11571,1,1.0
11572,1,1.0
11573,1,1.0
11574,1,1.0
11575,1,1.0
11576,1,1.0
11577,1,1.0
11578,1,1.0
11579,1,1.0
11580,1,1.0
11581,1,1.0
11582,1,1.0
11583,1,1.0
11584,1,1.0
11585,1,1.0
11586,1,1.0
11587,1,1.0
11588,1,1.0
11589,1,1.0
11590,1,1.0
11591,1,1.0
11592,1,1.0
11593,1,1.0
11594,1,1.0
11595,1,1.0
11596,1,1.0
11597,1,1.0
11598,1,1.0
11599,1,1.0
11600,1,1.0
11601,1,1.0
11602,1,1.0
11603,1,1.0
11604,1,1.0
11605,1,1.0
11606,1,1.0
11607,1,1.0
11608,1,1.0
11609,1,1.0
11610,1,1.0
11611,1,1.0
11612,1,1.0
11613,1,1.0
11614,1,1.0
11615,1,1.0
11616,1,1.0
11617,1,1.0
11618,1,1.0
11619,1,1.0
11620,1,1.0
11621,1,1.0
11622,1,1.0
11623,1,1.0
11624,1,1.0
11625,1,1.0
11626,1,1.0
11627,1,1.0
11628,1,1.0
11629,1,1.0
11630,1,1.0
11631,1,1.0
11632,1,1.0
11633,1,1.0
11634,1,1.0
11635,1,1.0
11636,1,1.0
11637,1,1.0
11638,1,1.0
11639,1,1.0
11640,1,1.0
11641,1,1.0
11642,1,1.0
11643,1,1.0
11644,1,1.0
11645,1,1.0
11646,1,1.0
11647,1,1.0
11648,1,1.0
11649,1,1.0
11650,1,1.0
11651,1,1.0
11652,1,1.0
11653,1,1.0
11654,1,1.0
11655,1,1.0
11656,1,1.0
11657,1,1.0
11658,1,1.0
11659,1,1.0
11660,1,1.0
11661,1,1.0
11662,1,1.0
11663,1,1.0
11664,1,1.0
11665,1,1.0
11666,1,1.0
11667,1,1.0
11668,1,1.0
11669,1,1.0
11670,1,1.0
11671,1,1.0
11672,1,1.0
11673,1,1.0
11674,1,1.0
11675,1,1.0
11676,1,1.0
11677,1,1.0
11678,1,1.0
11679,1,1.0
11680,1,1.0
11681,1,1.0
11682,1,1.0
11683,1,1.0
11684,1,1.0
11685,1,1.0
11686,1,1.0
11687,1,1.0
11688,1,1.0
11689,1,1.0
11690,1,1.0
11691,1,1.0
11692,1,1.0
11693,1,1.0
11694,1,1.0
11695,1,1.0
11696,1,1.0
11697,1,1.0
11698,1,1.0
11699,1,1.0
11700,1,1.0
11701,1,1.0
11702,1,1.0
11703,1,1.0
11704,1,1.0
11705,1,1.0
11706,1,1.0
11707,1,1.0
11708,1,1.0
11709,1,1.0
11710,1,1.0
11711,1,1.0
11712,1,1.0
11713,1,1.0
11714,1,1.0
11715,1,1.0
11716,1,1.0
11717,1,1.0
11718,1,1.0
11719,1,1.0
11720,1,1.0
11721,1,1.0
11722,1,1.0
11723,1,1.0
11724,1,1.0
11725,1,1.0
11726,1,1.0
11727,1,1.0
11728,1,1.0
11729,1,1.0
11730,1,1.0
11731,1,1.0
11732,1,1.0
11733,1,1.0
11734,1,1.0
11735,1,1.0
11736,1,1.0
11737,1,1.0
11738,1,1.0
11739,1,1.0
11740,1,1.0
11741,1,1.0
11742,1,1.0
11743,1,1.0
11744,1,1.0
11745,1,1.0
11746,1,1.0
11747,1,1.0
11748,1,1.0
11749,1,1.0
11750,1,1.0
11751,1,1.0
11752,1,1.0
11753,1,1.0
11754,1,1.0
11755,1,1.0
11756,1,1.0
11757,1,1.0
11758,1,1.0
11759,1,1.0
11760,1,1.0
11761,1,1.0
11762,1,1.0
11763,1,1.0
11764,1,1.0
11765,1,1.0
11766,1,1.0
11767,1,1.0
11768,1,1.0
11769,1,1.0
11770,1,1.0
11771,1,1.0
11772,1,1.0
11773,1,1.0
11774,1,1.0
11775,1,1.0
11776,1,1.0
11777,1,1.0
11778,1,1.0
11779,1,1.0
11780,1,1.0
11781,1,1.0
11782,1,1.0
11783,1,1.0
11784,1,1.0
11785,1,1.0
11786,1,1.0
11787,1,1.0
11788,1,1.0
11789,1,1.0
11790,1,1.0
11791,1,1.0
11792,1,1.0
11793,1,1.0
11794,1,1.0
11795,1,1.0
11796,1,1.0
11797,1,1.0
11798,1,1.0
11799,1,1.0
11800,1,1.0
11801,1,1.0
11802,1,1.0
11803,1,1.0
11804,1,1.0
11805,1,1.0
11806,1,1.0
11807,1,1.0
11808,1,1.0
11809,1,1.0
11810,1,1.0
11811,1,1.0
11812,1,1.0
11813,1,1.0
11814,1,1.0
11815,1,1.0
11816,1,1.0
11817,1,1.0
11818,1,1.0
11819,1,1.0
11820,1,1.0
11821,1,1.0
11822,1,1.0
11823,1,1.0
11824,1,1.0
11825,1,1.0
11826,1,1.0
11827,1,1.0
11828,1,1.0
11829,1,1.0
11830,1,1.0
11831,1,1.0
11832,1,1.0
11833,1,1.0
11834,1,1.0
11835,1,1.0
11836,1,1.0
11837,1,1.0
11838,1,1.0
11839,1,1.0
11840,1,1.0
11841,1,1.0
11842,1,1.0
11843,1,1.0
11844,1,1.0
11845,1,1.0
11846,1,1.0
11847,1,1.0
11848,1,1.0
11849,1,1.0
11850,1,1.0
11851,1,1.0
11852,1,1.0
11853,1,1.0
11854,1,1.0
11855,1,1.0
11856,1,1.0
11857,1,1.0
11858,1,1.0
11859,1,1.0
11860,1,1.0
11861,1,1.0
11862,1,1.0
11863,1,1.0
11864,1,1.0
11865,1,1.0
11866,1,1.0
11867,1,1.0
11868,1,1.0
11869,1,1.0
11870,1,1.0
11871,1,1.0
11872,1,1.0
11873,1,1.0
11874,1,1.0
11875,1,1.0
11876,1,1.0
11877,1,1.0
11878,1,1.0
11879,1,1.0
11880,1,1.0
11881,1,1.0
11882,1,1.0
11883,1,1.0
11884,1,1.0
11885,1,1.0
11886,1,1.0
11887,1,1.0
11888,1,1.0
11889,1,1.0
11890,1,1.0
11891,1,1.0
11892,1,1.0
11893,1,1.0
11894,1,1.0
11895,1,1.0
11896,1,1.0
11897,1,1.0
11898,1,1.0
11899,1,1.0
11900,1,1.0
11901,1,1.0
11902,1,1.0
11903,1,1.0
11904,1,1.0
11905,1,1.0
11906,1,1.0
11907,1,1.0
11908,1,1.0
11909,1,1.0
11910,1,1.0
11911,1,1.0
11912,1,1.0
11913,1,1.0
11914,1,1.0
11915,1,1.0
11916,1,1.0
11917,1,1.0
11918,1,1.0
11919,1,1.0
11920,1,1.0
11921,1,1.0
11922,1,1.0
11923,1,1.0
11924,1,1.0
11925,1,1.0
11926,1,1.0
11927,1,1.0
11928,1,1.0
11929,1,1.0
11930,1,1.0
11931,1,1.0
11932,1,1.0
11933,1,1.0
11934,1,1.0
11935,1,1.0
11936,1,1.0
11937,1,1.0
11938,1,1.0
11939,1,1.0
11940,1,1.0
11941,1,1.0
11942,1,1.0
11943,1,1.0
11944,1,1.0
11945,1,1.0
11946,1,1.0
11947,1,1.0
11948,1,1.0
11949,1,1.0
11950,1,1.0
11951,1,1.0
11952,1,1.0
11953,1,1.0
11954,1,1.0
11955,1,1.0
11956,1,1.0
11957,1,1.0
11958,1,1.0
11959,1,1.0
11960,1,1.0
11961,1,1.0
11962,1,1.0
11963,1,1.0
11964,1,1.0
11965,1,1.0
11966,1,1.0
11967,1,1.0
11968,1,1.0
11969,1,1.0
11970,1,1.0
11971,1,1.0
11972,1,1.0
11973,1,1.0
11974,1,1.0
11975,1,1.0
11976,1,1.0
11977,1,1.0
11978,1,1.0
11979,1,1.0
11980,1,1.0
11981,1,1.0
11982,1,1.0
11983,1,1.0
8589934592,1,0.0
8589934593,1,0.0
8589934594,1,0.0
8589934595,1,0.0
8589934596,1,0.0
8589934597,1,0.0
8589934598,1,0.0
8589934599,1,0.0
8589934600,1,0.0
8589934601,1,0.0
8589934602,1,0.0
8589934603,1,0.0
8589934604,1,0.0
8589934605,1,0.0
8589934606,1,0.0
8589934607,1,0.0
8589934608,1,0.0
8589934609,1,0.0
8589934610,1,0.0
8589934611,1,0.0
8589934612,1,0.0
8589934613,1,0.0
8589934614,1,0.0
8589934615,1,0.0
8589934616,1,0.0
8589934617,1,0.0
8589934618,1,0.0
8589934619,1,0.0
8589934620,1,0.0
8589934621,1,0.0
8589934622,1,0.0
8589934623,1,0.0
8589934624,1,0.0
8589934625,1,0.0
8589934626,1,0.0
8589934627,1,0.0
8589934628,1,0.0
8589934629,1,0.0
8589934630,1,0.0
8589934631,1,0.0
8589934632,1,0.0
8589934633,1,0.0
8589934634,1,0.0
8589934635,1,0.0
8589934636,1,0.0
8589934637,1,0.0
8589934638,1,0.0
8589934639,1,0.0
8589934640,1,0.0
8589934641,1,0.0
8589934642,1,0.0
8589934643,1,0.0
8589934644,1,0.0
8589934645,1,0.0
8589934646,1,0.0
8589934647,1,0.0
8589934648,1,0.0
8589934649,1,0.0
8589934650,1,0.0
8589934651,1,0.0
8589934652,1,0.0
8589934653,1,0.0
8589934654,1,0.0
8589934655,1,0.0
8589934656,1,0.0
8589934657,1,0.0
8589934658,1,0.0
8589934659,1,0.0
8589934660,1,0.0
8589934661,1,0.0
8589934662,1,0.0
8589934663,1,0.0
8589934664,1,0.0
8589934665,1,0.0
8589934666,1,0.0
8589934667,1,0.0
8589934668,1,0.0
8589934669,1,0.0
8589934670,1,0.0
8589934671,1,0.0
8589934672,1,0.0
8589934673,1,0.0
8589934674,1,0.0
8589934675,1,0.0
8589934676,1,0.0
8589934677,1,0.0
8589934678,1,0.0
8589934679,1,0.0
8589934680,1,0.0
8589934681,1,0.0
8589934682,1,0.0
8589934683,1,0.0
8589934684,1,0.0
8589934685,1,0.0
8589934686,1,0.0
8589934687,1,0.0
8589934688,1,0.0
8589934689,1,0.0
8589934690,1,0.0
8589934691,1,0.0
8589934692,1,0.0
8589934693,1,0.0
8589934694,1,0.0
8589934695,1,0.0
8589934696,1,0.0
8589934697,1,0.0
8589934698,1,0.0
8589934699,1,0.0
8589934700,1,0.0
8589934701,1,0.0
8589934702,1,0.0
8589934703,1,0.0
8589934704,1,0.0
8589934705,1,0.0
8589934706,1,0.0
8589934707,1,0.0
8589934708,1,0.0
8589934709,1,0.0
8589934710,1,0.0
8589934711,1,0.0
8589934712,1,0.0
8589934713,1,0.0
8589934714,1,0.0
8589934715,1,0.0
8589934716,1,0.0
8589934717,1,0.0
8589934718,1,0.0
8589934719,1,0.0
8589934720,1,0.0
8589934721,1,0.0
8589934722,1,0.0
8589934723,1,0.0
8589934724,1,0.0
8589934725,1,0.0
8589934726,1,0.0
8589934727,1,0.0
8589934728,1,0.0
8589934729,1,0.0
8589934730,1,0.0
8589934731,1,0.0
8589934732,1,0.0
8589934733,1,0.0
8589934734,1,0.0
8589934735,1,0.0
8589934736,1,0.0
8589934737,1,0.0
8589934738,1,0.0
8589934739,1,0.0
8589934740,1,0.0
8589934741,1,0.0
8589934742,1,0.0
8589934743,1,0.0
8589934744,1,0.0
8589934745,1,0.0
8589934746,1,0.0
8589934747,1,0.0
8589934748,1,0.0
8589934749,1,0.0
8589934750,1,0.0
8589934751,1,0.0
8589934752,1,0.0
8589934753,1,0.0
8589934754,1,0.0
8589934755,1,0.0
8589934756,1,0.0
8589934757,1,0.0
8589934758,1,0.0
8589934759,1,0.0
8589934760,1,0.0
8589934761,1,0.0
8589934762,1,0.0
8589934763,1,0.0
8589934764,1,0.0
8589934765,1,0.0
8589934766,1,0.0
8589934767,1,0.0
8589934768,1,0.0
8589934769,1,0.0
8589934770,1,0.0
8589934771,1,0.0
8589934772,1,0.0
8589934773,1,0.0
8589934774,1,0.0
8589934775,1,0.0
8589934776,1,0.0
8589934777,1,0.0
8589934778,1,0.0
8589934779,1,0.0
8589934780,1,0.0
8589934781,1,0.0
8589934782,1,0.0
8589934783,1,0.0
8589934784,1,0.0
8589934785,1,0.0
8589934786,1,0.0
8589934787,1,0.0
8589934788,1,0.0
8589934789,1,0.0
8589934790,1,0.0
8589934791,1,0.0
8589934792,1,0.0
8589934793,1,0.0
8589934794,1,0.0
8589934795,1,0.0
8589934796,1,0.0
8589934797,1,0.0
8589934798,1,0.0
8589934799,1,0.0
8589934800,1,0.0
8589934801,1,0.0
8589934802,1,0.0
8589934803,1,0.0
8589934804,1,0.0
8589934805,1,0.0
8589934806,1,0.0
8589934807,1,0.0
8589934808,1,0.0
8589934809,1,0.0
8589934810,1,0.0
8589934811,1,0.0
8589934812,1,0.0
8589934813,1,0.0
8589934814,1,0.0
8589934815,1,0.0
8589934816,1,0.0
8589934817,1,0.0
8589934818,1,0.0
8589934819,1,0.0
8589934820,1,0.0
8589934821,1,0.0
8589934822,1,0.0
8589934823,1,0.0
8589934824,1,0.0
8589934825,1,0.0
8589934826,1,0.0
8589934827,1,0.0
8589934828,1,0.0
8589934829,1,0.0
8589934830,1,0.0
8589934831,1,0.0
8589934832,1,0.0
8589934833,1,0.0
8589934834,1,0.0
8589934835,1,0.0
8589934836,1,0.0
8589934837,1,0.0
8589934838,1,0.0
8589934839,1,0.0
8589934840,1,0.0
8589934841,1,0.0
8589934842,1,0.0
8589934843,1,0.0
8589934844,1,0.0
8589934845,1,0.0
8589934846,1,0.0
8589934847,1,0.0
8589934848,1,0.0
8589934849,1,0.0
8589934850,1,0.0
8589934851,1,0.0
8589934852,1,0.0
8589934853,1,0.0
8589934854,1,0.0
8589934855,1,0.0
8589934856,1,0.0
8589934857,1,0.0
8589934858,1,0.0
8589934859,1,0.0
8589934860,1,0.0
8589934861,1,0.0
8589934862,1,0.0
8589934863,1,0.0
8589934864,1,0.0
8589934865,1,0.0
8589934866,1,0.0
8589934867,1,0.0
8589934868,1,0.0
8589934869,1,0.0
8589934870,1,0.0
8589934871,1,0.0
8589934872,1,0.0
8589934873,1,0.0
8589934874,1,0.0
8589934875,1,0.0
8589934876,1,0.0
8589934877,1,0.0
8589934878,1,0.0
8589934879,1,0.0
8589934880,1,0.0
8589934881,1,0.0
8589934882,1,0.0
8589934883,1,0.0
8589934884,1,0.0
8589934885,1,0.0
8589934886,1,0.0
8589934887,1,0.0
8589934888,1,0.0
8589934889,1,0.0
8589934890,1,0.0
8589934891,1,0.0
8589934892,1,0.0
8589934893,1,0.0
8589934894,1,0.0
8589934895,1,0.0
8589934896,1,0.0
8589934897,1,0.0
8589934898,1,0.0
8589934899,1,0.0
8589934900,1,0.0
8589934901,1,0.0
8589934902,1,0.0
8589934903,1,0.0
8589934904,1,0.0
8589934905,1,0.0
8589934906,1,0.0
8589934907,1,0.0
8589934908,1,0.0
8589934909,1,0.0
8589934910,1,0.0
8589934911,1,0.0
8589934912,1,0.0
8589934913,1,0.0
8589934914,1,0.0
8589934915,1,0.0
8589934916,1,0.0
8589934917,1,0.0
8589934918,1,0.0
8589934919,1,0.0
8589934920,1,0.0
8589934921,1,0.0
8589934922,1,0.0
8589934923,1,0.0
8589934924,1,0.0
8589934925,1,0.0
8589934926,1,0.0
8589934927,1,0.0
8589934928,1,0.0
8589934929,1,0.0
8589934930,1,0.0
8589934931,1,0.0
8589934932,1,0.0
8589934933,1,0.0
8589934934,1,0.0
8589934935,1,0.0
8589934936,1,0.0
8589934937,1,0.0
8589934938,1,0.0
8589934939,1,0.0
8589934940,1,0.0
8589934941,1,0.0
8589934942,1,0.0
8589934943,1,0.0
8589934944,1,0.0
8589934945,1,0.0
8589934946,1,0.0
8589934947,1,0.0
8589934948,1,0.0
8589934949,1,0.0
8589934950,1,0.0
8589934951,1,0.0
8589934952,1,0.0
8589934953,1,0.0
8589934954,1,0.0
8589934955,1,0.0
8589934956,1,0.0
8589934957,1,0.0
8589934958,1,0.0
8589934959,1,0.0
8589934960,1,0.0
8589934961,1,0.0
8589934962,1,0.0
8589934963,1,0.0
8589934964,1,0.0
8589934965,1,0.0
8589934966,1,0.0
8589934967,1,0.0
8589934968,1,0.0
8589934969,1,0.0
8589934970,1,0.0
8589934971,1,0.0
8589934972,1,0.0
8589934973,1,0.0
8589934974,1,0.0
8589934975,1,0.0
8589934976,1,0.0
8589934977,1,0.0
8589934978,1,0.0
8589934979,1,0.0
8589934980,1,0.0
8589934981,1,0.0
8589934982,1,0.0
8589934983,1,0.0
8589934984,1,0.0
8589934985,1,0.0
8589934986,1,0.0
8589934987,1,0.0
8589934988,1,0.0
8589934989,1,0.0
8589934990,1,0.0
8589934991,1,0.0
8589934992,1,0.0
8589934993,1,0.0
8589934994,1,0.0
8589934995,1,0.0
8589934996,1,0.0
8589934997,1,0.0
8589934998,1,0.0
8589934999,1,0.0
8589935000,1,0.0
8589935001,1,0.0
8589935002,1,0.0
8589935003,1,0.0
8589935004,1,0.0
8589935005,1,0.0
8589935006,1,0.0
8589935007,1,0.0
8589935008,1,0.0
8589935009,1,0.0
8589935010,1,0.0
8589935011,1,0.0
8589935012,1,0.0
8589935013,1,0.0
8589935014,1,0.0
8589935015,1,0.0
8589935016,1,0.0
8589935017,1,0.0
8589935018,1,0.0
8589935019,1,0.0
8589935020,1,0.0
8589935021,1,0.0
8589935022,1,0.0
8589935023,1,0.0
8589935024,1,0.0
8589935025,1,0.0
8589935026,1,0.0
8589935027,1,0.0
8589935028,1,0.0
8589935029,1,0.0
8589935030,1,0.0
8589935031,1,0.0
8589935032,1,0.0
8589935033,1,0.0
8589935034,1,0.0
8589935035,1,0.0
8589935036,1,0.0
8589935037,1,0.0
8589935038,1,0.0
8589935039,1,0.0
8589935040,1,0.0
8589935041,1,0.0
8589935042,1,0.0
8589935043,1,0.0
8589935044,1,0.0
8589935045,1,0.0
8589935046,1,0.0
8589935047,1,0.0
8589935048,1,0.0
8589935049,1,0.0
8589935050,1,0.0
8589935051,1,0.0
8589935052,1,0.0
8589935053,1,0.0
8589935054,1,0.0
8589935055,1,0.0
8589935056,1,0.0
8589935057,1,0.0
8589935058,1,0.0
8589935059,1,0.0
8589935060,1,0.0
8589935061,1,0.0
8589935062,1,0.0
8589935063,1,0.0
8589935064,1,0.0
8589935065,1,0.0
8589935066,1,0.0
8589935067,1,0.0
8589935068,1,0.0
8589935069,1,0.0
8589935070,1,0.0
8589935071,1,0.0
8589935072,1,0.0
8589935073,1,0.0
8589935074,1,0.0
8589935075,1,0.0
8589935076,1,0.0
8589935077,1,0.0
8589935078,1,0.0
8589935079,1,0.0
8589935080,1,0.0
8589935081,1,0.0
8589935082,1,0.0
8589935083,1,0.0
8589935084,1,0.0
8589935085,1,0.0
8589935086,1,0.0
8589935087,1,0.0
8589935088,1,0.0
8589935089,1,0.0
8589935090,1,0.0
8589935091,1,0.0
8589935092,1,0.0
8589935093,1,0.0
8589935094,1,0.0
8589935095,1,0.0
8589935096,1,0.0
8589935097,1,0.0
8589935098,1,0.0
8589935099,1,0.0
8589935100,1,0.0
8589935101,1,0.0
8589935102,1,0.0
8589935103,1,0.0
8589935104,1,0.0
8589935105,1,0.0
8589935106,1,0.0
8589935107,1,0.0
8589935108,1,0.0
8589935109,1,0.0
8589935110,1,0.0
8589935111,1,0.0
8589935112,1,0.0
8589935113,1,0.0
8589935114,1,0.0
8589935115,1,0.0
8589935116,1,0.0
8589935117,1,0.0
8589935118,1,0.0
8589935119,1,0.0
8589935120,1,0.0
8589935121,1,0.0
8589935122,1,0.0
8589935123,1,0.0
8589935124,1,0.0
8589935125,1,0.0
8589935126,1,0.0
8589935127,1,0.0
8589935128,1,0.0
8589935129,1,0.0
8589935130,1,0.0
8589935131,1,0.0
8589935132,1,0.0
8589935133,1,0.0
8589935134,1,0.0
8589935135,1,0.0
8589935136,1,0.0
8589935137,1,0.0
8589935138,1,0.0
8589935139,1,0.0
8589935140,1,0.0
8589935141,1,0.0
8589935142,1,0.0
8589935143,1,0.0
8589935144,1,0.0
8589935145,1,0.0
8589935146,1,0.0
8589935147,1,0.0
8589935148,1,0.0
8589935149,1,0.0
8589935150,1,0.0
8589935151,1,0.0
8589935152,1,0.0
8589935153,1,0.0
8589935154,1,0.0
8589935155,1,0.0
8589935156,1,0.0
8589935157,1,0.0
8589935158,1,0.0
8589935159,1,0.0
8589935160,1,0.0
8589935161,1,0.0
8589935162,1,0.0
8589935163,1,0.0
8589935164,1,0.0
8589935165,1,0.0
8589935166,1,0.0
8589935167,1,0.0
8589935168,1,0.0
8589935169,1,0.0
8589935170,1,0.0
8589935171,1,0.0
8589935172,1,0.0
8589935173,1,0.0
8589935174,1,0.0
8589935175,1,0.0
8589935176,1,0.0
8589935177,1,0.0
8589935178,1,0.0
8589935179,1,0.0
8589935180,1,0.0
8589935181,1,0.0
8589935182,1,0.0
8589935183,1,0.0
8589935184,1,0.0
8589935185,1,0.0
8589935186,1,0.0
8589935187,1,0.0
8589935188,1,0.0
8589935189,1,0.0
8589935190,1,0.0
8589935191,1,0.0
8589935192,1,0.0
8589935193,1,0.0
8589935194,1,0.0
8589935195,1,0.0
8589935196,1,0.0
8589935197,1,0.0
